palavra,polaridade,tipo
abandono,-1.7,
abandonado,-2.0,
abandonador,-1.9,
abandonados,-1.9,
abandonando,-1.6,
abandona,-1.3,
sequestrou,-2.3,
abducao,-2.8,
abducoes,-2.0,
abominar,-2.0,
aborrecido,-1.4,
abominavel,-3.1,
abomina,-2.9,
habilidades,1.0,
habilidade,1.3,
a bordo,0.1,TERM
ausente,-1.1,
ausentes,-0.8,
absolver,0.8,
absolvido,1.0,
absolutos,1.3,
absolvendo,1.3,
abuso,-3.2,
abusado,-2.3,
abusador,-2.6,
abusadores,-2.6,
abusos,-2.6,
abusando,-2.0,
abusivo,-3.2,
abusivamente,-2.8,
abusividade,-2.5,
abusividades,-3.0,
aceitar,1.6,
aceitabilidade,1.3,
aceitavel,1.6,
aceitavelmente,1.5,
aceitacao,1.3,
aceitacoes,0.9,
aceitaram,1.1,
aceitando,1.6,
aceita,1.5,
acidente,-2.4,
acidental,-0.3,
acidentalmente,-0.9,
acidentes,-1.3,
realizar,1.8,
realizado,1.9,
realiza,1.7,
acusacao,-1.0,
acusacoes,-1.3,
acusar,-0.8,
acusado,-1.2,
acusa,-1.4,
acusando,-0.7,
dor,-2.3,
doia,-1.6,
dores,-1.8,
possivel,1.3,
doendo,-2.2,
absolve,0.1,
acrimonioso,-1.7,
ativo,1.7,
ativamente,1.3,
atividade,0.6,
atividades,0.8,
ativos,0.7,
adequado,0.9,
admirabilidade,2.2,
admiravel,2.6,
admiravelmente,2.5,
almirante,1.3,
almirantes,1.5,
admiradores,1.7,
admirado,2.3,
admiracao,2.5,
admiracoes,1.6,
admirar,2.1,
admirador,1.8,
admira,1.5,
admirando,1.6,
com admiracao,2.3,TERM
admitem,0.8,
admite,1.2,
admitiu,0.4,
admoestado,-1.9,
adotar,0.7,
adota,0.7,
adorabilidade,2.5,
adoravel,2.2,
muito adoravel,2.1,TERM
adoracao,1.6,
adoracoes,2.2,
adorar,2.6,
adorado,2.7,
adora,1.6,
adoravelmente,2.4,
adornar,0.9,
adornado,0.8,
adorno,1.3,
adornos,0.8,
adornando,1.0,
adorna,0.5,
avancado,1.0,
vantagem,1.0,
vantajoso,1.6,
vantajosamente,1.9,
vantagens,1.5,
aventura,1.3,
aventurado,1.3,
aventureiro,1.4,
aventureiros,1.2,
aventuras,2.3,
aventurador,1.3,
aventureira,0.8,
aventureiramente,1.3,
aventureza,1.8,
adversario,-0.8,
adversarios,-1.0,
adversativo,-1.2,
adversamente,-0.8,
adversidades,-1.5,
desfavoraveis,-1.5,
adversidade,-1.8,
afetado,-0.6,
afeicao,2.4,
afetivo,1.9,
carinhosamente,1.4,
afetuoso,1.9,
carinhoso,-2.0,
afeccoes,1.5,
afligido,-1.4,
ofendido,-1.0,
agravar,-2.5,
agravado,-1.9,
agrava,-1.9,
agravante,-1.2,
agressao,-1.2,
agressivo,-0.6,
agressoes,-1.3,
agredindo,-0.6,
agressivamente,-1.3,
agressividade,-0.6,
agressividades,-1.4,
agressor,-0.8,
agressores,-0.9,
horrorizado,-2.5,
agitar,-1.3,
agitado,0.3,
com agitacao,-1.6,TERM
agita,-1.4,
agitando,-1.8,
agitacao,-1.0,
agitacoes,-1.3,
agitativo,-1.3,
agitador,-1.4,
agitadores,0.3,
agog,1.9,
agonizar,-2.3,
agonizante,-2.7,
agoniza,-2.3,
agonizantemente,-2.3,
agonia,-1.8,
conveniencia,1.8,
agradavel,2.4,
conveniencias,1.3,
agradavelmente,2.1,
acordado,1.1,
concordando,1.4,
acordo,2.2,
acordos,1.1,
concorda,0.8,
alarme,-1.4,
alarmado,-1.4,
alarmante,-0.5,
alarmantemente,-2.6,
alarmismo,-0.3,
alarmistas,-1.1,
alarmes,-1.1,
infelizmente,-1.9,
alerta,1.2,
alienacao,-1.1,
vivo,1.6,
alergico,-1.2,
permitir,0.9,
sozinho,-1.0,
bem,1.1,
surpreender,-0.5,
espantado,2.2,
surpreendentemente,1.2,INCR
espanto,2.2,
espanta,2.2,
surpreendente,1.1,
amazonia,0.7,
amazonite,0.2,
amazonas,-0.1,
pedra amazonica,1.0,TERM
pedras amazonicas,0.2,TERM
ambicioso,2.1,
ambivalente,0.5,
amor,3.2,
amoral,-1.6,
amoralismo,-0.7,
amoralismos,-0.7,
amoralidades,-1.2,
amoralidade,-1.5,
amoralmente,-1.0,
amoretti,0.2,
amorteto,0.6,
amorettos,0.3,
amorino,1.2,
amorista,1.6,
amoristico,1.0,
amoristas,0.1,
amoroso,2.9,
amorosamente,3.2,
amorosa,2.0,
amorfo,0.3,
sem forma,0.1,TERM
amortizado,0.8,
amortizar,-0.1,
amortiza,0.6,
amortizavel,0.5,
amortizacao,0.6,
amortizacoes,0.2,
amortizando,0.8,
divertivel,1.8,
divertir,1.7,
divertido,1.9,
divertidamente,0.8,
diversao,1.6,
divertimentos,1.5,
divertidor,1.1,
divertidores,1.3,
diverte,1.7,
amusia,0.3,
amusias,-0.4,
divertida,1.7,
raiva,-3.6,
irritando,-2.2,
angustia,-2.4,
muito irritado,-2.3,TERM
mais angustiado,-3.1,TERM
com raiva,2.3,TERM
antifriccao,-1.7,
bravo,-2.1,
angustiado,-1.8,
angustias,-1.6,
antipatia,-1.9,
incomodar,-1.4,
aborrecimento,-1.7,
aborrecimentos,-1.8,
enjoado,-2.5,
irritantes,-2.1,
irritante,-2.0,
irrita,-1.7,
antagonismo,-1.9,
antagonismos,-1.2,
antagonista,-1.9,
antagonico,-1.7,
de forma antagonica,-2.2,TERM
antagonistas,-1.7,
antagonizar,-2.0,
antagonizou,-1.4,
antagoniza,-0.5,
antagonizando,-2.7,
anti,-1.3,
antecipacao,0.4,
ansiedades,-0.6,
ansiedade,-1.0,
ansioso,1.5,
ansiosamente,0.7,
tudo bem,2.1,TERM
apatico,-1.2,
de forma apatica,-0.4,TERM
apatias,-0.6,
apatia,-1.2,
descontrolado,-1.0,
apocaliptico,-3.4,
pedir desculpas,0.4,TERM
pediu desculpa,1.3,TERM
pede desculpas,1.5,TERM
pedindo desculpas,-0.3,TERM
desculpa,-0.3,
vale a pena,1.4,TERM
chocado,-1.3,
terrivel,-2.1,
terrivelmente,1.7,INCR
questiona,-1.9,
apaziguar,0.9,
apaziguado,0.9,
apaziguamento,1.0,
aplaudir,2.0,
aplaudiu,2.3,
aplaudindo,2.1,
aplaude,1.4,
aplausos,1.8,
apreciar,2.2,
estimado,1.9,
aprecia,2.2,
apreciando,2.0,
apreciacao,1.6,
apreciacoes,1.7,
apreciativo,2.6,
apreciativamente,1.8,
apreciador,1.7,
apreciadores,2.2,
apreensivel,1.1,
apreensivamente,-0.3,
apreensao,-0.7,
apreensoes,-0.9,
aprovacao,2.1,
aprovado,1.0,
aprova,1.7,
ardente,2.1,
discutivel,-1.0,
indiscutivelmente,-1.0,
argumentar,-1.4,
argumentou,-1.5,
argumentador,-1.6,
argumentadores,-1.4,
argumenta,-1.6,
argumentando,-2.0,
argumento,-1.5,
argumentativo,-1.5,
argumentativamente,-1.8,
argumentive,-1.5,
argumentos,-1.7,
prender,-1.4,
preso,-2.4,
prisoes,-1.9,
arrogancia,-2.4,
arrogancias,-1.9,
arrogante,-2.2,
arrogantemente,-1.8,
envergonhado,-2.3,
com vergonha,-1.9,TERM
bunda,-2.5,
assassinato,-2.9,
assassinatos,-3.0,
assalto,-2.3,
assaltado,-2.4,
assaltavel,-2.8,
assaltos,-0.4,
de ativos,1.5,TERM
vacilao,-2.5,
babacas,-2.8,
garantia,1.0,
garantias,1.4,
assegurar,1.4,
garantido,1.5,
com certeza,1.6,TERM
seguranca,2.0,
segurador,1.5,
assessor,1.1,
assegura,1.3,
assassino,-3.2,
assegurando,1.6,
atonito,1.6,
surpreendido,1.8,
surpreendentes,0.3,
anexo,1.2,
anexos,1.1,
ataque,-2.1,
atacado,-2.0,
atacante,-2.0,
atacantes,-2.7,
ataques,-1.9,
atrai,1.7,
atracao,2.0,
atraente,-0.7,
atraentes,1.4,
atraido,1.8,
atraindo,2.1,
atracoes,1.8,
atrativamente,2.2,
atratividade,1.8,
atrativos,2.1,
atrator,1.2,
atrapalhadores,1.2,
audacioso,0.9,
autoridade,0.3,
aversao,-1.9,
aversoes,-1.1,
aversivo,-1.6,
aversivamente,-0.8,
evitar,-1.2,
evitado,-0.3,
evita,0.3,
avido,-1.3,
evasao,-1.7,
evasoes,-1.1,
evitou,-1.4,
evasor,-1.8,
evasores,-1.4,
evitando,-0.4,
aguardam,0.4,
esperado,-0.1,
aguarda,0.3,
premio,2.3,
atribuivel,2.4,
premiado,3.0,
premiados,1.3,
atribuindo,1.9,
premios,2.0,
impressionante,1.6,
horrivel,-2.7,
embaracoso,-1.6,
estranhamente,-1.2,
constrangimento,-0.7,
machado,-0.4,
exagerado,-0.4,
apoiado,1.3,
apoio,1.5,
costas,-0.2,
mau,-0.9,
fodao,-0.6,
seriamente,-2.1,
resgate,-0.4,
enganar,-1.1,
bamboozled,-1.5,
bamboozles,-1.5,
banimento,-2.6,
banir,-1.9,
falido,-2.6,
banco,-2.1,
banido,-2.0,
barganha,0.8,
barreira,-0.5,
timido,-1.0,
tonturas,-1.6,
desgracado,-2.5,
bastardos,-3.0,
bastardisse,-2.1,
bastardizado,-2.0,
bastardises,-2.3,
bastardising,-2.6,
bastardizacao,-2.4,
bastardizacoes,-2.1,
degradar,-1.9,
bastardizes,-1.8,
bastardizando,-2.3,
bastardly,-2.7,
bastardy,-2.7,
batalha,-0.4,
lutou,-1.4,
campo de batalha,-1.7,TERM
campos de batalha,-0.6,TERM
frente de batalha,-1.2,TERM
frentes de batalha,-0.8,TERM
ameias,-0.4,
batalhadora,-0.8,
lutadores,-1.4,
batalhas,-1.6,
navio de guerra,-0.7,TERM
navios de guerra,-0.5,TERM
caminho de guerra,-0.3,TERM
vagoes de batalha,-0.5,TERM
lutando,-1.8,
espancado,-1.8,
beatifico,1.8,
espancamento,-2.0,
belo,1.6,
belos,1.7,
belamente,2.6,
beleza,2.1,
esteticista,1.2,
esteticistas,0.4,
belezas,2.4,
embelezamento,1.9,
embelezamentos,2.4,
embelezado,2.1,
embelezador,1.7,
embelezadores,1.7,
embeleza,1.8,
bonita,2.2,
mais lindo,2.3,TERM
mais bonita,2.1,TERM
belas,2.7,
embelezar,2.3,
embelezando,2.3,
menosprezo,-1.9,
menosprezado,-2.0,
amado,2.9,
benefico,1.7,
beneficio eclesiastico,0.4,TERM
beneficiado,1.0,
beneficencia,2.8,
beneficencias,1.5,
beneficente,2.3,
beneficamente,2.4,
beneficios,1.6,
beneficiarios,1.8,
beneficiario,2.1,
beneficiamento,0.4,
beneficiar,2.0,
beneficiou,1.7,
beneficiando,1.9,
benevolencia,1.2,
benevolencias,1.9,
benevolente,2.7,
benevolentemente,1.4,
benigno,2.2,
benignidade,1.3,
benignamente,0.2,
benignidades,0.9,
despojado,-2.1,
enlutado,-2.1,
despojados,-1.9,
despojadamente,-1.3,
melhor,1.9,
trair,-3.2,
traicao,-1.9,
traiu,-3.0,
traindo,-2.6,
traicoeiro,-2.5,
vies,-0.4,
tendencioso,-1.1,
cadela,-2.8,
morrendo,-2.6,
brigas,-0.2,
baixaria,-2.7,
cadelas,-2.9,
mais bravo,-2.0,TERM
mais brando,-3.0,TERM
babacamente,-2.6,
bitchiness,-2.6,
bitching,-1.1,
maluca,-2.3,
amargo,-0.2,
bitterbrush,-0.2,
bitterbrushes,-0.6,
amargurado,-0.4,
mais amargo,-2.3,TERM
amargando,-1.2,
amargamente,-2.0,
amargura,-1.7,
bitterns,-0.4,
amargas,-0.4,
agridoce,-0.6,
bittersweets,-0.2,
amendoim,-0.5,
bizarro,-1.3,
bla,-0.4,
blam,-0.2,
culpado,-1.8,
acusavel,-1.8,
culpa,-1.8,
sem culpa,0.7,TERM
irrepreensivel,2.0,
acusador,-2.1,
acusadores,-2.0,
culpando,-2.2,
abencoe,1.8,
abencoado,2.8,
abencoadamente,1.7,
bem-aventuranca,1.6,
bencao,2.2,
bencaos,2.5,
abencoa,2.6,
cego,-1.7,
felicidade,2.3,
feliz,3.1,
alegre,2.5,
quadra,-1.9,
blockbuster,2.9,
bloqueado,-1.1,
bloqueando,-1.6,
blocos,-0.9,
sangrento,-1.9,
embacado,-0.4,
ousado,1.6,
muito ousado,1.2,TERM
mais ousado,1.6,TERM
audaz,0.3,
destemido,1.9,
valente,0.1,
ousadamente,0.1,
corajosamente,2.3,
ousadia,1.4,
coragem,2.1,
ousadias,1.3,
bomba,-2.2,
bonus,2.5,
gratificacoes,1.8,
impulso,1.7,
impulsionado,1.5,
aumentando,1.4,
impulsiona,1.3,
chato,-1.1,
boreal,-0.3,
repolho,-0.2,
repolhos,-0.3,
entediado,-1.1,
tedio,-1.2,
tedios,-1.1,
muito entediado,0.1,TERM
muito entediados,0.2,TERM
furos,-1.3,
broca,-0.4,
perfuradores,-1.2,
borescopes,-0.1,
amolamento,-1.3,
incomodado,-1.6,
incomodando,-1.6,
incomoda,-0.8,
incomodo,-1.3,
boicote,-1.3,
boicotado,-1.7,
boicotar,-1.7,
boicotes,-1.4,
lavagem cerebral,-1.5,TERM
bravamente,2.3,
mais forte,1.9,TERM
braveries,2.0,
bravura,2.2,
braves,1.9,
mais valente,2.3,TERM
tirar o folego,2.0,TERM
suborno,-0.8,
brilhante,2.8,
iluminar,1.9,
branqueador,1.0,
abrilhantadores,1.0,
brilhar,1.8,
ilumina,1.7,
mais brilhante,3.0,TERM
brilhantemente,3.0,
brilho,2.6,
brights,0.4,
brilhos,2.9,
brilhantes,1.9,
brilhantina,0.8,
rapido,0.8,
quebrou,-1.8,
partido,-2.1,
ninhada,0.1,
brutal,-3.1,
brutalizar,-2.9,
brutalizado,-2.4,
brutaliza,-3.2,
brutalizando,-3.4,
brutalidades,-2.6,
brutalidade,-3.0,
brutalizacao,-2.1,
brutalizacoes,-2.3,
brutalmente,-3.0,
intimidado,-1.9,
besteira,-2.8,
valentao,-2.2,
assedio moral,-2.9,TERM
vadio,-1.6,
flutuante,0.9,
peso,-1.9,
sobrecarregado,0.2,
encarregado,-1.3,
engenheiros,-2.0,
sobrecarregando,-1.4,
encargos,-1.5,
pesado,-1.8,
bwahaha,0.4,
bwahahah,2.5,
calma,1.3,
calmante,1.3,
calmantes,0.5,
acalmado,1.6,
mais calmo,2.2,TERM
acalmando,1.7,
calmamente,1.3,
calmodulina,0.2,
nao suporto,-2.0,TERM
cancelar,-1.0,
cancelado,-1.0,
cancelando,-0.8,
cancela,-0.9,
cancer,-3.4,
capaz,1.6,
cativado,1.6,
cuidado,2.0,
cuidei,1.8,
despreocupado,-0.9,
cuidadosamente,0.5,
descuidado,-1.5,
descuidadamente,-1.0,
descuido,-1.6,
se preocupa,2.0,TERM
cuidando,2.2,
casual,0.8,
casualmente,0.7,
catastrofe,-3.4,
catastrofico,-2.2,
cauteloso,-0.4,
comemoro,2.7,
celebre,2.7,
comemora,2.7,
a comemorar,2.7,TERM
censurar,-2.0,
censurado,-0.6,
censores,-1.2,
certo,1.1,
certissimo,1.1,
certamente,1.9,
certezas,0.9,
certeza,1.0,
desgosto,-2.7,
desafio,0.3,
desafiado,-0.4,
desafiador,0.6,
desafiadores,0.4,
desafios,0.3,
desafiadoramente,-0.6,
campeao,1.0,
champac,-0.2,
champanhe,1.2,
champanhes,0.5,
champaign,0.2,
champanhas,-0.2,
sem paciencia,1.0,TERM
impaciente,-1.2,
campeoes,1.8,
canhotos,-0.1,
cheirosa,0.3,
champerty,-0.2,
cogumelo,0.4,
cogumelos,0.2,
champing,0.7,
defendido,1.2,
defendendo,1.8,
campeonato,1.9,
campeonatos,2.2,
chance,1.0,
chances,0.8,
caos,-2.7,
caotico,-2.2,
carregada,-0.8,
cobrancas,-1.1,
caridosa,1.7,
caridade,1.8,
caridades,1.6,
instituicoes de caridade,2.2,TERM
charme,1.7,
encantado,2.0,
encantador,2.8,
encantadores,2.1,
charmoso,0.3,
charmosos,0.4,
mais charmoso,2.4,TERM
encantadora,2.2,
sem charme,-1.8,TERM
encantos,1.9,
castigar,-1.7,
castigado,-2.2,
castigos,-1.7,
enganacao,-2.0,
enganado,-0.6,
trapaceiro,-2.5,
traidores,-1.9,
truques,-1.0,
torcer,2.3,
comemorador,1.7,
comemoradores,1.8,
cheio de alegria,2.4,TERM
mais alegre,2.7,TERM
alegremente,2.4,
alegria,2.8,
torcendo,2.3,
brinde,1.2,
lider de torcida,0.9,TERM
lideres de torcida,1.2,TERM
cheerleading,1.2,
cheerleads,1.2,
triste,-2.2,
sem graca,-0.8,TERM
magoa,-2.4,
felicidades,2.3,
querido,2.0,
apreciado,2.3,
estimador,2.2,
estimadores,1.9,
chique,1.1,
infantil,-1.2,
descontraido,0.5,
sufocar,-1.8,
sufocado,-1.4,
asfixiado,-2.0,
sufocando,-1.4,
gargalhada,-0.4,
riu,2.0,
chucklehead,-1.9,
chuckleheaded,-1.3,
chuckleheads,-1.1,
chuckler,0.8,
chucklers,1.2,
rir,1.7,
chucklesome,1.1,
sorrindo,2.3,
esclarece,0.9,
clareza,1.7,
elegante,2.1,
limpo,0.4,
limpador,0.7,
claro,1.6,
claramente,1.7,
limpa,0.3,
esperto,2.0,
mais inteligente,0.9,TERM
inteligente,1.7,
inteligentemente,2.0,
inteligencia,2.1,
inteligentes,1.6,
nublado,-0.2,
sem nocao,-1.5,TERM
galo,-0.6,
cocksucker,-3.1,
cocksuckers,-2.6,
pretensioso,-0.5,
coagido,-1.5,
colapso,-2.2,
desabou,-1.1,
colapsa,-1.2,
colapsando,-1.2,
colidir,-0.3,
colide,-1.1,
colidindo,-0.5,
colisao,-1.5,
colisoes,-1.1,
conluio,-1.2,
combate,-1.5,
combates,0.3,
comediante,0.6,
comediantes,1.2,
comedic,1.7,
comedicamente,2.1,
comediennes,1.6,
comedias,1.7,
venha fazer,0.3,TERM
comedoes,-0.8,
desca,-0.8,
comedowns,-0.9,
comedia,1.5,
conforto,1.5,
confortavel,2.3,
comfortableness,1.3,
confortavelmente,1.8,
consolado,1.8,
edredador,1.9,
edredons,1.2,
reconfortante,1.7,
com conforto,1.7,TERM
sem conforto,-1.8,TERM
recomendar,1.9,
elogiado,2.2,
cometer,1.2,
comprometimento,1.6,
compromissos,0.6,
compromete-se,0.1,
comprometido,1.1,
cometendo,0.3,
compaixao,0.9,
compassivo,1.6,
com compaixao,-1.0,TERM
compaixoes,1.6,
sem compaixao,-2.6,TERM
obrigado,1.9,
competente,1.3,
competitivo,0.7,
complacente,-0.3,
reclamar,-1.5,
queixoso,-0.8,
reclamantes,-1.1,
queixou-se,-1.7,
queixa,-2.1,
queixosos,-1.3,
reclamando,-0.8,
queixando-se,-1.7,
reclama,-1.6,
reclamacoes,-1.7,
elogio,2.4,
complementarmente,1.7,
cortesia,1.5,
elogiando,2.3,
elogios,2.4,
compreensivo,1.0,
conciliar,1.0,
conciliado,1.1,
conciliadores,1.1,
conciliando,1.3,
condenar,-1.6,
condenacao,-2.6,
condenado,1.8,
condena,-2.3,
confianca,1.6,
confiante,1.7,
com confianca,1.6,TERM
conflito,-1.3,
conflitante,-1.7,
conflituoso,-1.8,
conflitos,-1.6,
enfrentar,-0.7,
confronto,-1.3,
confrontativo,-1.0,
confrontacionistas,-1.2,
confrontos,-1.5,
confrontado,-0.8,
enfrentando,-0.6,
confronta-se,-0.9,
confundir,-0.9,
confuso,-0.9,
confusamente,-1.4,
confunde,-1.3,
confusao,-1.2,
confusional,-1.2,
confusoes,-0.8,
parabens,2.9,
felicitar,2.2,
consentimento,0.9,
consente,1.0,
atencioso,1.9,
consolavel,1.1,
conspiracao,-2.4,
constrangido,-0.4,
contagio,-2.0,
contagios,-1.5,
contagioso,-1.4,
desprezo,-1.8,
destemidas,-2.0,
despreocupacao,-0.9,
desprezivel,-3.2,
despreocupadamente,-1.4,
desdenhoso,-1.8,
desdenhosamente,-2.4,
contender,0.2,
contendor,0.5,
contente,1.4,
satisfeito,1.8,
contenciosa,-1.2,
contentamento,1.5,
contestavel,0.6,
contraditorio,-1.4,
contradizido,-1.3,
contradizendo,-1.3,
contradicao,-1.4,
contradicoes,-1.3,
contraditorios,-1.6,
contradiz,-1.4,
controverso,-0.8,
controversamente,-1.1,
convencer,1.0,
convencido,1.7,
convincente,1.7,
convincers,0.3,
convence,0.7,
de forma convincente,1.6,TERM
convincencia,0.7,
convivial,1.2,
legal,0.5,
encurralado,-1.1,
cadaver,-2.7,
dispendioso,-0.4,
corajoso,2.4,
cortes,-1.2,
cobrir,-1.2,
covarde,-1.4,
covardemente,-1.6,
caibra,-0.8,
porcaria,-1.6,
ruim,-2.6,
batida,-1.6,
mania,0.9,
louco,-2.2,
mais louco,-2.8,TERM
loucamente,-1.7,
loucura,-1.9,
fervendo,-0.5,
maluco,0.8,
crio,1.1,
criada,1.0,
cria,1.1,
creatin,0.1,
creatina,0.2,
criando,1.2,
creatinina,0.4,
criacao,1.1,
criacionismo,1.1,
criacionista,0.8,
criacionistas,0.5,
criacoes,1.6,
criativo,1.9,
criativamente,1.5,
criatividade,1.6,
credito,1.6,
credenciais,1.4,
credibilidade,1.9,
credivel,1.8,
com credibilidade,1.7,TERM
creditado,1.5,
creditando,0.6,
credor,-0.1,
creditos,1.5,
solvente,2.4,
caiu,-2.5,
chorou,-2.0,
chora,-1.4,
crime,-2.5,
criminoso,-2.4,
psicopata,-2.4,
genocida,-2.4,
criminosos,-2.7,
crise,-3.1,
critico,-1.5,
criticar,-1.6,
criticado,-1.4,
critica,-1.4,
criticando,-1.5,
criticas,-0.9,
criticavel,-1.0,
criticantes,-1.6,
criticos,-1.2,
bruto,-2.1,
grosseiramente,-2.2,
crueza,-2.0,
crudeza,-2.0,
mais grosseiro,-2.1,TERM
em bruto,-1.1,TERM
mais grosso,-2.4,TERM
cruel,-2.8,
mais cruel,-2.9,TERM
cruelmente,-2.8,
crueldade,-2.9,
crueldades,-2.3,
a paixao subita,-0.6,TERM
esmagado,-1.8,
esmaga,-1.9,
esmagamento,-1.5,
chorar,-2.7,
chorando,-0.9,
boceta,-2.2,
cunts,-2.9,
curioso,-0.8,
maldicao,-2.5,
cortar,-1.1,
fofa,2.0,
lindamente,-1.2,
cuteness,2.3,
cutenesses,1.9,
cutes,1.8,
cutesie,1.0,
cutasier,1.5,
mais bonito,2.7,TERM
cutesy,2.1,
cutey,2.1,
linda,3.0,
cutiepie,2.0,
cuties,2.2,
corte,-0.5,
cinico,-1.6,
cinicamente,-1.3,
cinismo,-1.7,
cinicos,-0.3,
d-:,1.6,
d:,-2.9,
d =,-3.0,TERM
danificar,-2.2,
estragado,-1.5,
damier,-1.9,
damagers,-2.0,
danos,-1.9,
prejudicial,-2.4,
prejudicialmente,-1.5,
droga,-2.4,
condenavel,-2.6,
malditamente,-1.8,
damnations,-1.4,
mais dificil,1.3,TERM
damnifies,-1.8,
damnify,-2.2,
condenando,-1.4,
condenadamente,-2.0,
malditos,-2.1,
perigo,-1.7,
perigoso,-2.1,
ameacando,-2.5,
perigosamente,-2.0,
perigosidade,-2.0,
perigos,-2.2,
temerario,0.5,
ousada,1.5,
atretamente,2.1,
atrevimento,0.4,
mais escuro,-2.2,TERM
trevas,-1.0,
querida,2.2,
queridamente,1.6,
carinho,2.0,
queridos,2.8,
intrepido,2.3,
deslumbrante,-0.7,
atordoado,-0.4,
aturdido,-0.4,
aturdimento,-0.5,
daze,-0.3,
morto,-3.5,
impasse,-1.4,
ensurdecedor,-1.2,
caro,1.6,
mais caro,2.6,TERM
dearios,1.0,
muito caro,1.8,TERM
escassez,-0.6,
deary,1.9,
morte,-2.9,
debonair,0.8,
divida,-1.5,
decair,-1.7,
decaido,-1.6,
decadente,-1.7,
decadentes,-1.6,
decaca,-1.7,
engano,-0.4,
enganosa,-1.7,
enganou,-1.9,
engana,-1.6,
enganando,0.1,
decepcao,-1.9,
decisivo,0.9,
dedicada,2.0,
derrota,-1.9,
derrotado,-2.1,
derrotista,-1.7,
derrotistas,-2.1,
derrotando,-1.6,
derrotismo,-1.3,
derrotas,-1.5,
defeito,-1.8,
desfechando,-1.8,
desercao,-1.4,
defeccoes,-1.5,
defeituoso,-1.3,
de forma defeituosa,-2.1,TERM
defeitos,-1.7,
desertor,-1.9,
desertores,-1.3,
defesa,0.4,
defensista,0.1,
defensores,-0.4,
defesas,0.7,
defensor,0.4,
indefeso,-1.4,
indefesamente,-1.1,
indefesa,-1.3,
defensavel,0.8,
de forma defensiva,0.1,TERM
defensiva,-0.4,
defensivamente,-0.6,
defensivos,-0.3,
adiar,-0.7,
desafiante,-0.9,
deficit,-1.7,
definido,1.1,
definitivamente,1.7,
degradavel,-1.0,
degradacao,-2.4,
degradacoes,-1.5,
degradativo,-2.0,
degradado,-1.8,
degradador,-2.0,
degradadores,-2.0,
degrada-se,-2.1,
degradante,-2.8,
degradantemente,-2.7,
desumanizar,-1.8,
desumanizado,-1.9,
desumaniza,-1.5,
desumanizante,-2.4,
dejectar,-2.2,
abatido,-1.8,
rejeitar,-1.7,
dejetos,-2.0,
demora,-1.3,
atrasado,-1.1,
deliciosa,2.9,
deliciosos,1.4,
discretamente,2.8,
delicado,0.2,
delicadamente,1.0,
delicados,0.6,
delicatessen,0.4,
delicatessens,0.4,
delicioso,2.1,
deliciosamente,2.7,
delicia,2.1,
deleite,2.9,
deleitado,2.3,
felizmente,2.3,
deligh,2.0,
delighters,2.6,
prazer,2.8,
deliciando,1.6,
delicias,2.3,
exigem,-0.5,
exigiu,-0.9,
exigente,-0.9,
demonstracao,0.4,
desmoralizado,-1.6,
negado,-1.9,
denier,-1.5,
negadores,-1.1,
nega,-1.8,
denunciar,-1.4,
denuncia,-1.9,
negar,-1.4,
negando,-1.4,
deprimir,-2.2,
depressor,-1.8,
depressivos,-1.5,
depressivo,-1.6,
deprime,-1.4,
deprimivel,-1.7,
deprimente,-1.6,
depressivamente,-2.1,
depressao,-2.7,
depressoes,-2.2,
depressores,-1.7,
despressurizacao,-0.3,
despressurizacoes,-0.4,
despressurizar,-0.5,
despressurizado,-0.3,
despressuriza,-0.3,
despressurizando,-0.7,
privacao,-1.8,
privacoes,-1.8,
privar,-2.1,
privado,-2.1,
privador,-1.6,
priva,-1.7,
privando,-2.0,
descarrilhar,-1.2,
descarrilado,-1.4,
descarrilar,-1.3,
ridicularizar,-1.1,
ridicularizado,-1.5,
ridiculariza,-1.0,
ridicularizando,-1.5,
escarnio,-1.2,
desejavel,1.3,
desejo,1.7,
desejado,1.1,
desejoso,1.3,
desespero,-2.0,
desesperado,-1.3,
desesperador,-1.3,
desesperadores,-1.3,
desesperando,-2.3,
desesperadamente,-1.6,
desespera,-2.7,
desesperos,-2.2,
despreza,-2.0,
desprezado,-2.0,
desprezador,-1.8,
desprezadores,-1.6,
desprezando,-0.9,
desanimado,-2.3,
quebrar,-2.5,
destruir,-2.5,
destruido,-1.9,
destruidor,-2.0,
destruidores,-2.3,
destruindo,-2.5,
destroi,-2.4,
destrua,-2.4,
destructibilidade,-1.8,
destrutivel,-1.5,
destruicao,-2.2,
destristador,-2.6,
destructores,-2.1,
destrutivo,-3.0,
destrutivamente,-2.4,
destrutividade,-2.4,
destacado,-0.5,
deter,-1.8,
detido,-1.7,
detencao,-1.5,
determinavel,0.9,
determinabilidade,0.2,
determinably,0.9,
determinacao,1.7,
determinante,1.1,
determinado,1.4,
determinadamente,1.2,
determinacoes,0.8,
determinantes,0.9,
determinador,1.1,
devastar,-3.1,
devastado,-2.3,
devasta,-2.8,
devastador,-2.4,
devastadoramente,-2.4,
devastacao,-1.8,
devastacoes,-1.9,
devastativo,-3.2,
devastadores,-2.9,
diabo,-0.6,
deviled,-1.6,
devil,-2.2,
diabolico,-2.1,
devagar,-1.1,
devilishnessness,-2.3,
devilkin,-2.4,
devolvendo,-1.8,
devilment,-1.9,
devilments,-1.1,
devilries,-1.6,
diabrura,-2.8,
demonios,-2.7,
deviltries,-1.5,
deviltry,-2.8,
devilwood,-0.8,
devilwoods,-1.0,
dedicar,1.4,
dedicado,1.7,
devotadamente,1.6,
devocao,2.0,
devoto,1.5,
devotos,1.1,
dedica,1.6,
dedicando,2.1,
devocional,1.2,
devotamente,2.2,
devocionais,1.2,
devocoes,1.8,
diamante,1.4,
pau,-2.3,
dickhead,-3.1,
morrer,-2.9,
morreu,-2.6,
dificil,-0.4,
dificuldades,-0.4,
dificilmente,-1.4,NEG
dificuldade,-1.3,
digna,2.2,
dignifica,2.0,
dignificar,1.8,
dignificando,2.1,
dignitarios,0.6,
dignitario,1.9,
dignidades,1.4,
dignidade,2.2,
dilema,-0.7,
dipshit,-2.1,
sujeira,-1.5,
mais sujo,-2.4,TERM
sujo,-1.8,
desativando,-2.1,
desvantagem,-1.0,
desfavorecidos,-1.7,
desvantajoso,-1.8,
desvantajosamente,-2.1,
desvantagens,-1.7,
discordar,-1.6,
desagradavel,-2.6,
discordancia,-1.9,
desagradavelmente,-1.1,
discordou,-1.3,
discordando,-1.4,
desacordo,-1.5,
desentendimentos,-1.8,
discorda,-1.3,
desaparecer,-0.9,
desaparecido,-0.9,
desaparece,-1.4,
decepcionar,-1.7,
desapontado,-2.1,
decepcionado,-1.7,
desapontante,-2.2,
decepcionantemente,-1.9,
desapontamento,-2.3,
decepcoes,-2.0,
decepciona,-1.6,
desastre,-3.1,
desastres,-2.6,
desastroso,-2.9,
nao acredite,-1.2,TERM
descartar,-0.7,
descartado,-1.4,
descarta,-1.0,
desconforto,-1.3,
desconfortavel,-1.6,
incompativel,-1.6,
desconsolado,-2.3,
desconsolacao,-1.7,
descontente,-1.8,
discordia,-1.7,
descontado,0.2,
desencorajar,-1.7,
desencorajador,-1.2,
desencorajado,-1.7,
desencorajamento,-2.0,
desencorajamentos,-1.8,
desencorajadores,-1.9,
desencoraja,-1.9,
desencorajando,-1.9,
desencorajadoramente,-1.8,
desacreditada,-1.9,
desdem,-2.1,
desgraca,-2.2,
desonrado,-2.0,
disfarce,-1.0,
disfarcado,-1.1,
disfarces,-1.0,
disfarcando,-1.3,
com nojo,-2.4,TERM
com desgosto,-3.0,TERM
desgostoso,-2.6,
repugnante,-2.4,
nojento,-2.9,
desanimar,-2.0,
desanimador,-1.8,
desanimadoramente,-2.0,
moleza,-2.3,
molezas,-2.2,
desanima,-2.2,
desonesto,-0.9,
desilusao,-1.7,
desiludido,-1.9,
desiludindo,-1.3,
desilusoes,-1.6,
nao inclinado,-1.1,TERM
desarticulado,-1.3,
nao gosta,-1.3,TERM
nao gostei,-1.7,TERM
lugubre,-2.1,
desalento,-1.9,
consternado,-1.9,
consternante,-2.2,
desanimos,-1.8,
desordem,-1.7,
desorganizado,-1.2,
desorientado,-1.5,
desacreditar,-2.0,
depreciado,-1.4,
deprecia,-1.6,
desagradado,-1.9,
disputa,-1.7,
disputado,-1.4,
disputas,-1.4,
disputando,-1.7,
desqualificado,-1.8,
inquietacao,-1.8,
desconsiderado,-1.6,
desconsiderando,-0.9,
desconsidera,-1.4,
desrespeito,-1.8,
desrespeitado,-2.0,
disrupcao,-1.5,
disrupcoes,-1.4,
disruptivo,-1.3,
insatisfacao,-2.2,
insatisfacoes,-1.9,
insatisfatorio,-2.0,
insatisfeito,-1.7,
desagradar,-2.2,
distorcer,-1.3,
distorcido,-1.7,
distorcendo,-1.1,
distorce,-1.4,
distrair,-1.2,
distractable,-1.3,
distraido,-1.4,
distraidamente,-1.4,
distractividade,-1.3,
distractil,-1.5,
distraindo,-1.2,
distracao,-1.6,
distracoes,-1.0,
distrativo,-1.6,
distrai,-1.3,
perturbado,-1.4,
angustiante,-2.2,
com angustia,-1.7,TERM
desconfianca,-1.2,
desconfiado,-2.1,
com desconfianca,-1.7,TERM
desconfiar,-2.1,
suspeitar,-1.3,
perturbar,-1.7,
perturbacao,-1.6,
disturbios,-2.3,
perturbador,-2.1,
perturbadores,-2.0,
perturbadoramente,-2.3,
perturba,-1.9,
dithering,-0.5,
adivinhacao,1.1,
adivinhador,1.6,
divino,2.6,
adivinhado,0.8,
divinamente,2.9,
adivinho,0.3,
adivinhadores,1.2,
divinos,0.8,
divinest,2.7,
mergulho,-0.4,
adivinhando,0.9,
divinizar,2.3,
divindades,1.8,
divindade,2.7,
tonto,-0.9,
doloroso,-2.7,
dominio,0.8,
dominios,-0.1,
predominantemente,0.2,INCR
dominantes,0.2,
dominar,-0.5,
domina,0.2,
dominando,-1.2,
dominacao,-0.2,
dominacoes,-0.3,
dominativo,-0.7,
dominadores,-0.4,
dominatrices,-0.2,
dominatrix,-0.5,
dominatrixes,0.6,
doom,-1.7,
doomful,-2.1,
dooming,-2.8,
dooms,-1.1,
doomsayer,-0.7,
doomsayers,-1.7,
doomsaying,-1.5,
doomsayings,-1.5,
apocalipse,-2.8,
doomsdayer,-2.2,
dias uteis,-2.4,TERM
doomster,-2.2,
doomsters,-1.6,
doomia,-1.1,
dork,-1.4,
dorkier,-1.1,
dorkiest,-1.2,
dorks,-0.5,
dorky,-1.1,
duvida,-1.2,
duvidoso,-1.5,
duvidou,-1.1,
duvidando,-1.4,
duvidosos,-1.3,
duvidosamente,-1.4,
sem duvida,1.2,TERM
falta de duvida,0.8,TERM
duvidas,-1.2,
douche,-1.5,
babaca,-3.0,
arrastar,-0.9,
arrastada,-0.2,
arrasta-se,-0.7,
drenado,-1.5,
temerar,-2.0,
temido,-2.7,
terriveis,-2.6,
temendo,-2.7,
dreadlock,-0.4,
dreadlocks,-0.2,
dreadnought,-0.6,
dreadnoughts,-0.4,
teme,-1.4,
sonhe,1.0,
sonhos,1.7,
droopy,-0.8,
solta,-1.1,
afogar,-2.7,
afogado,-2.9,
se afoga,-2.2,TERM
bebado,-1.4,
dud,-1.0,
macante,-1.7,
dullard,-1.6,
dullards,-1.8,
embotado,-1.5,
mais aborrecido,-1.7,TERM
embotamento,-1.1,
insensibilidade,-1.4,
opacias,-1.9,
aborrece,-1.9,
dullsville,-2.4,
burro,-1.8,
idiota,-2.2,
haltere,-0.8,
halteres,-0.2,
dumbcane,-0.3,
dumbcanes,-0.6,
dumbed,-1.4,
mais burro,-1.5,TERM
mais tonto,-2.3,TERM
estupefato,-0.8,
dumbfounder,-1.0,
estupefatos,-1.0,
dumbfounds,-0.3,
dumbheads,-1.9,
dumbing,-0.5,
idiotamente,-1.3,
mudez,-1.9,
dumbstruck,-1.0,
dumbwaiter,0.2,
nomadas,-0.1,
despejar,-1.6,
dumpcart,-0.6,
despejado,-1.7,
dumper,-1.2,
dumpers,-0.8,
dumpier,-1.4,
dumpiness,-1.2,
dumping,-1.3,
dumpings,-1.1,
dumpish,-1.8,
bolinho de massa,0.4,TERM
dumplings,-0.3,
lixoes,-1.7,
deposito de lixo,-0.6,TERM
lata de lixo,-1.0,TERM
dumpy,-1.7,
morar,0.5,
morava,0.4,
morador,0.3,
moradores,-0.3,
habitacao,0.1,
habita,-0.1,
dinamico,0.9,
dinamicamente,1.5,
dinamica,1.1,
dinamismo,1.4,
dinamismos,1.2,
dinamistas,0.9,
dinamite,0.7,
dinamitado,-0.9,
dinamiter,-1.2,
dinamitadores,0.4,
dinamites,-0.3,
dinamitar,0.2,
dinamometro,0.3,
dinamometros,0.3,
dinamometrico,0.3,
dinamometria,0.6,
dinamos,0.3,
dynamotor,0.6,
disfuncao,-1.8,
ansia,1.7,
eagers,1.6,
fervoroso,1.1,
facilidade,1.5,
aliviado,1.4,
facil,1.9,
com facilidade,1.4,TERM
cavalete,0.3,
servidao,1.6,
servidoes,0.4,
alivia,1.5,
mais facil,1.8,TERM
facilmente,1.4,
aliviar,1.5,
maleavel,1.3,
ecstacy,3.3,
extases,2.3,
extase,0.6,
extatico,2.3,
extaticamente,2.8,
ecstatics,2.9,
estranho,-0.8,
eery,-0.9,
eficaz,2.1,
efetivamente,1.9,
eficiencias,1.6,
eficiencia,1.5,
eficiente,1.8,
eficientemente,1.7,
effin,-2.3,
egoismo,-1.7,
egoismos,-2.0,
egoista,-2.1,
egoisticamente,-1.4,
egoistas,-1.7,
exaltado,3.0,
exaltacao,1.5,
elegancia,2.1,
elegancias,1.6,
elegantemente,1.9,
embaracar,-1.2,
embaracado,-1.1,
envergonha,-1.7,
embaracosamente,-1.7,
embaraco,-1.9,
embaracos,-1.7,
abraco,2.1,
emergencia,-1.6,
emocional,0.6,
empatico,1.7,
esvaziado,-0.7,
mais vazio,-1.8,TERM
empires,-0.7,
esvazia,-0.7,
de forma vazia,-1.0,TERM
vazio,-0.8,
vazios,-1.5,
emptins,-0.3,
esvaziar,-0.6,
encantada,1.6,
encorajar,1.9,
encorajado,1.5,
encorajamento,1.8,
incentivos,1.3,
incentivador,1.5,
incentivadores,1.5,
encorajando,2.4,
encorajadoramente,2.0,
endossar,1.3,
endosso,1.3,
endossa,1.4,
inimigos,-2.0,
inimigo,-1.9,
energetico,1.9,
energicamente,1.8,
energetica,0.3,
energias,2.2,
energizar,2.1,
energizado,2.3,
energizando,2.0,
energizacao,1.6,
energizacoes,1.5,
energizador,2.1,
energizantes,1.7,
energiza,2.1,
energia,1.2,
se empenhar,1.4,TERM
acionado,1.7,
noivado,2.0,
engenheiro,1.1,
envolventes,1.0,
envolve,1.0,
noivando,1.4,
absorvido,0.6,
gostei,1.8,
desfrutador,2.2,
desfrutando,2.4,
prazeres,1.9,
goza,2.3,
ilumine,2.3,
iluminado,2.2,
esclarecedor,2.3,
enrage,-2.6,
enfurecido,-1.7,
enfurece,-2.6,
emendor,-2.8,
enrapture,3.0,
escravizar,-3.1,
escravizado,-1.7,
escravizas,-1.6,
garantir,1.6,
garantindo,1.1,
empreendedor,2.3,
entreter,1.3,
entretido,1.7,
animador,1.6,
animadores,1.0,
entretendo,1.9,
entretenimento,1.8,
entretenimentos,2.3,
entretem,2.4,
encantar,0.4,
entusiasmo,1.9,
entusiasmado,1.9,
entusiasma,1.7,
entusiasmos,2.0,
entusiasta,1.5,
com entusiasmo,2.6,TERM
entusiastas,1.4,
intitulado,1.1,
confiado,0.8,
invejava,-1.1,
inveja,-1.1,
enviers,-1.1,
invejoso,-1.1,
invejando,-1.3,
erroneo,-1.8,
erro,-1.6,
erros,-1.5,
escapar,0.7,
escapa,0.5,
escapando,0.2,
etico,2.3,
euforia,3.3,
euforico,3.2,
despejo,-2.0,
mal,-3.4,
malfeitor,-3.1,
malfeitores,-2.4,
ruindade,-3.1,
maldades,-2.5,
eviler,-2.1,
mais malvado,-1.6,TERM
muito mau,-2.9,TERM
terrivelmente mau,-3.3,TERM
malevolo,-3.4,
maldade,-3.1,
males,-2.7,
exagerar,-0.6,
exagera,-0.6,
exagerando,-0.7,
exasperado,-1.8,
excel,2.0,
se destacou,2.2,TERM
excelencia,2.5,
excelencias,2.4,
excelente,3.1,
excelentemente,3.1,
superando,2.5,
se destaca,2.5,TERM
excelsior,0.7,
excitabilidades,1.5,
excitabilidade,1.0,
excitavel,-1.0,
excitante,0.3,
excitantes,1.2,
excitacao,2.2,
excitacoes,1.8,
excitador,0.5,
excitar,2.1,
animado,1.9,
excitadamente,2.3,
emocoes,1.5,
excitadores,1.4,
excita,2.1,
emocionante,2.1,
emocionantemente,2.0,
exciton,0.3,
excitonic,0.2,
excitons,0.8,
excluir,-0.9,
excluido,-1.4,
exclusao,-1.2,
exclusivo,0.5,
excruciar,-2.7,
excruciado,-1.3,
excruciados,-1.0,
excruciante,-3.3,
excrucitantemente,-2.9,
excruciacao,-3.4,
excruciacoes,-1.9,
isentar,0.4,
escape,-1.2,
exausta,-1.5,
exaustor,-1.3,
exaustores,-1.3,
exaustao,-1.1,
esgotavel,-1.0,
cansativo,-1.2,
exaustivo,-0.5,
exaustivamente,-0.7,
desnecessario,0.2,
falta de exaustao,0.9,TERM
exhilarar,2.8,
estimulante,1.7,
exonerar,1.8,
exonerado,1.8,
exonera,1.6,
exonerando,1.0,
expandir,1.3,
se expande,0.4,TERM
expulsar,-1.9,
expulso,-1.0,
expulsando,-1.6,
expulsa,-1.6,
explorar,-0.4,
explorado,-2.0,
explorando,-1.9,
exploracoes,0.3,
exploracao,0.9,
expor,-0.6,
exposto,-0.3,
expoe,-0.5,
expondo,-1.1,
ampliar,0.7,
se estende,0.5,TERM
exuberante,2.8,
exultante,3.0,
exultantemente,1.4,
fab,2.0,
fabuloso,2.4,
fabulosa,2.8,
viado,-2.1,
bicha,-3.4,
bixas,-3.2,
falhou,-2.5,
fracassou,-2.3,
falhando,-1.4,
falhas,-2.1,
faille,0.1,
falha,-1.4,
sensacional,-0.3,
justo,1.3,
fe,1.8,
colhido,1.3,
fiel,2.2,
fielmente,1.8,
fidelidade,2.5,
sem fe,-0.9,TERM
infidelidade,-1.8,
falso,-2.1,
falsificacoes,-1.8,
fingindo,0.4,
caido,-1.5,
queda,-0.6,
falsificado,-1.6,
falsificar,-2.0,
fama,1.9,
ventilador,1.3,
fantastico,0.4,
fantasticidades,2.1,
fantasticidade,1.3,
farsa,-1.7,
fascinar,2.4,
fascinado,2.1,
fascina,2.0,
fascinacao,2.2,
fascinante,2.5,
fascista,-2.6,
fascistas,-0.8,
fatal,-2.5,
fatalismo,-0.6,
fatalismos,-1.7,
fatalista,-1.0,
fatalistas,-1.2,
fatalidades,-2.9,
fatalidade,-3.5,
fatalmente,-3.2,
fadiga,-1.0,
cansado,-1.1,
cansa-se,-1.3,
fatigantemente,-1.5,
censurador,-0.8,
deteccao de avarias,-2.1,TERM
danificado,-2.1,
mais danificado,-2.1,TERM
pode falhar,-2.0,TERM
falta de responsabilidade,-1.5,TERM
sem falhas,0.8,TERM
falta de falhas,1.1,TERM
fav,2.4,
favorito,2.0,
favor,1.9,
favoravel,2.2,
favoravelmente,1.6,
favorecido,1.8,
favorecer,1.3,
favorecedores,1.4,
favorecendo,1.3,
favoritos,1.8,
favoritismo,0.7,
favoritismos,0.7,
favores,1.8,
favorita,1.6,
medo,-1.8,
temia,-2.2,
com medo,-1.5,TERM
mais terrivel,-2.5,TERM
sem medo,1.1,TERM
destemor,1.1,
medos,-1.8,
temivel,-1.7,
engordou,-1.8,
fraco,-1.3,
sentindo-me,0.5,
crimes,-2.5,
feroz,-0.4,
ferozmente,-1.1,
ferocidade,-0.7,
ferocidades,-1.0,
fervente,0.5,
festival,2.2,
festejador,1.3,
frequentadores do festival,1.2,TERM
festivais,1.5,
festivo,2.0,
festivamente,2.2,
festividade,2.2,
festividades,2.1,
feudo,-1.4,
feudal,-0.8,
feudalismo,-0.5,
feudais,-0.5,
feudalista,-0.9,
feudalidades,-0.4,
feudalizacao,-0.3,
enfeudar,-0.5,
feudalizado,-0.8,
feudaliza,-0.1,
feudalizando,-0.7,
feudalmente,-0.6,
feudaries,-0.3,
feudatorio,-0.1,
feudacao,-1.6,
feudista,-1.1,
feudistas,-0.7,
fiasco,-2.3,
inquieto,-1.1,
fogosa,-1.4,
festa,1.6,
festas,1.7,
luta,-1.3,
lutador,-1.1,
lutas,-1.5,
fogo,-1.4,
disparamos,-2.6,
disparando,-1.4,
em forma,1.5,TERM
ginastica,1.1,
flagship,0.4,
bajular,0.4,
lisonjeado,1.6,
adulador,-0.3,
aduladores,0.3,
lisonjas,1.2,
lisonjeiro,1.3,
de forma lisonjeira,1.0,TERM
lisonjeiros,0.6,
lisonjeira,0.4,
foge,-0.7,
flexibilidades,1.0,
flexibilidade,1.4,
flexivel,0.9,
com flexibilidade,1.3,TERM
flerte,0.6,
coquete,0.6,
flertando,0.8,
flertou,-0.2,
flertador,-0.4,
fliperas,0.6,
mais entusiasmado,-2.0,TERM
mais flirti,0.4,TERM
flertar,0.7,
flop,-1.4,
flops,-1.4,
gripe,-1.6,
flunk,-1.3,
flunked,-2.1,
flunker,-1.9,
flunkers,-1.6,
lacaio,-1.8,
flunkeys,-0.6,
flunkies,-1.4,
flunking,-1.5,
flunks,-1.8,
flunky,-1.8,
nervoso,-1.1,
focado,1.6,
foehns,0.2,
homem,-1.8,
femen,-0.3,
fetal,-0.1,
fetido,-1.9,
foetor,-3.0,
foetors,-2.1,
feto,0.2,
fetos,0.2,
com carinho,1.9,TERM
gosto,1.7,
fooleries,-1.8,
tolice,-0.9,
lobo,-0.8,
foplayishes,-0.4,
mais foolhardier,-1.5,TERM
mais fofo,-1.3,TERM
em tonturas,-1.4,TERM
insensato,-1.1,
imbecil,-2.7,
mais tolo,0.8,TERM
tolo,-1.8,
tolices,-2.0,
infalivel,1.0,
tolos,-2.2,
foolscaps,-0.8,
proibido,-1.6,
proibicao,-1.4,
proibicoes,-1.0,
proibidores,-1.5,
proibindo,-1.9,
proibidamente,-1.9,
proibe,-1.3,
forcado,-2.0,
encerramento,-0.5,
foreclosures,-2.4,
perdoou,1.4,
esqueco,-0.9,
esquecido,-0.9,
perdoavel,1.6,
perdoar,1.1,
perdoado,0.9,
perdao,1.3,
perdoador,1.7,
perdizes,1.2,
perdoa,1.7,
perdoando,1.7,
indulgencia,1.8,
afortunado,1.9,
foughten,-1.9,
frenetico,-1.9,
freneticamente,-1.4,
franticness,-0.7,
fraude,-2.3,
fraudes,-1.2,
fraudadores,-2.4,
fraudulento,-2.2,
aberracao,-1.9,
assustado,-0.7,
freakiness,-1.4,
freaking,-1.8,
freakish,-2.1,
freakishly,-0.8,
loucuras,-1.4,
surtar,-1.8,
freakouts,-1.5,
loucos,-0.4,
loucao,-1.5,
livre,0.7,
base livre,-0.1,TERM
baseado em livre,0.8,TERM
bases livres,0.8,TERM
freebase,-0.4,
freebee,1.3,
freebees,1.3,
freebie,1.8,
brindes,1.8,
bordo livre,0.3,TERM
freeboards,0.7,
freeboot,-0.7,
freebooter,-1.7,
freebooters,-0.2,
freebooting,-0.8,
livre nascido,1.2,TERM
libertado,1.7,
liberto,1.1,
libertos,0.7,
liberdade,2.4,
liberdades,2.3,
liberta,1.6,
libertas,1.3,
forma livre,0.9,TERM
maos livres,0.5,TERM
freehanded,1.4,
freehearted,1.5,
livreiro,0.5,
freeholders,0.1,
terras livres,1.0,TERM
liberando,2.1,
freelance,1.2,
freelancer,0.7,
trabalhador autonomo,1.1,TERM
autonomos,0.4,
freelances,0.7,
trabalho autonomo,0.4,TERM
freeload,-1.9,
freeloaded,-1.6,
freeloader,-0.7,
freeloaders,-0.1,
freeloading,-1.3,
freeloads,-1.3,
livremente,1.9,
freeman,1.7,
freemartin,-0.5,
freemasonries,0.7,
maconaria,0.3,
freemen,1.5,
freeness,1.6,
freenesses,1.7,
mais livre,1.6,TERM
freers,1.0,
libera,1.2,
freesia,0.4,
freesias,0.4,
autonomo,1.1,
estilo livre,0.7,TERM
freestyler,0.4,
freestylers,0.8,
freestyles,0.3,
pensador livre,1.0,TERM
freethinkers,1.0,
freethinking,1.1,
freeware,0.7,
auto-estrada,0.2,
roda livre,0.5,TERM
freewheeled,0.3,
freewheeler,0.2,
freewheelers,-0.3,
freewheeling,0.5,
freewheelingly,0.8,
rodas livres,0.6,TERM
livre arbitrio,1.0,TERM
escrita livre,0.8,TERM
congelar,0.2,
freezers,-0.1,
congela,-0.1,
congelando,-0.4,
congelante,-1.6,
frenesi,-1.3,
fresco,1.3,
amigos,2.1,
amigo,1.7,
amizade,1.9,
amigo sem amigos,-1.5,TERM
mais amigaveis,2.6,TERM
amistosos,2.2,
muito amigos,1.8,TERM
simpatia,1.5,
amigaveis,2.2,
amizades,1.6,
susto,-2.2,
amedrontar,-1.4,
assustador,-2.2,
assustadoramente,-2.1,
assusta,-1.4,
espantoso,-2.3,
espantosamente,-1.7,
frights,-1.1,
frisky,1.0,
franzindo a testa,-1.4,TERM
frustrar,-2.0,
frustrado,-0.1,
frustra,-0.4,
frustrante,-1.9,
frustrantemente,-2.0,
frustracao,-2.1,
frustracoes,-2.0,
porra,-2.5,
fodido,-3.4,
fudedores,-2.9,
fudedor,-3.2,
cabeca de foda,-3.1,TERM
foda,-2.1,
fucktard,-3.1,
fud,-1.1,
fugiu,-2.5,
falando,-3.2,
preencha,1.9,
realizada,1.8,
cumpre,1.0,
fumo,-1.2,
fumado,-1.8,
sem fumo,0.3,TERM
muito parecido,-0.7,TERM
fumador,0.7,
fumadores,-0.8,
fumos,-0.1,
fumet,0.4,
fumetas,-0.4,
fumaca,-0.6,
fumando,-2.7,
funeral,-1.5,
funerais,-1.6,
funky,-0.4,
diversificado,2.3,
funil,0.1,
canalizado,-0.1,
funnelform,0.5,
canalizar,0.1,
funis,0.4,
funner,2.2,
mais divertido,2.9,TERM
mais engracado,2.6,TERM
engracados,1.3,
de maneira engracada,1.9,TERM
funniness,1.8,
funcionamento,1.8,
engracado,1.9,
homem engracado,1.4,TERM
homens engracados,1.3,TERM
furioso,-2.4,
furiosamente,-1.9,
furia,-2.7,
inutil,-1.9,
mordaca,-1.4,
amordacado,-1.3,
ganho,2.4,
ganhou,2.7,
ganhando,1.8,
ganhos,2.5,
galante,1.7,
galantemente,1.9,
galanteria,2.6,
nerd,-1.2,
mais geek,0.2,TERM
muito geek,-0.1,TERM
geeks,-0.4,
nerdice,-0.6,
generosidades,2.6,
generosidade,2.4,
generoso,2.3,
generosamente,1.9,
genial,1.8,
gentil,1.9,
mais suave,1.4,TERM
mais gentil,1.8,TERM
suavemente,2.0,
fantasma,-1.3,
vertiginoso,-0.6,
presente,1.9,
giggler,0.6,
gigglers,1.4,
risos,2.2,
gigglier,1.0,
giggliest,1.7,
gigglingly,1.1,
giggly,1.0,
doador,1.4,
doadores,1.7,
dando,1.4,
com prazer,1.4,TERM
glamour,1.9,
glamado,1.8,
glamorizacao,1.8,
glamorizar,1.7,
glamorizado,2.1,
glamurador,2.4,
glamorizers,1.6,
glamorizes,2.4,
glamoroso,2.0,
glamourosa,2.1,
glamores,1.4,
glamourize,0.8,
sem glamour,-1.6,TERM
melancolia,-1.1,
melancolico,-1.9,
mais sombrio,-1.5,TERM
abatimento,-1.8,
glooming,-1.8,
sombrio,-1.8,
glorioso,3.2,
glorias,2.1,
glorificacao,2.0,
glorificado,2.3,
glorificador,2.3,
glorificadores,1.6,
glorifica,2.2,
glorificar,2.7,
glorificando,2.4,
gloriole,1.5,
glorioles,1.2,
gloriosamente,2.9,
gloriosidade,2.6,
gloria,2.5,
glum,-2.1,
gn8,0.6,
deus,1.1,
maldito,-2.1,
goddams,-1.9,
entrega de deus,2.8,TERM
boa,1.9,
bondade,2.0,
incrivelmente,2.3,INCR
belissima,2.9,
belissimas,2.1,
fofoca,-1.1,
fofoqueiro,-1.1,
fofoqueiros,-1.1,
bisbilhotice,-1.6,
gossipmonger,-1.0,
gossipmongers,-1.4,
fofocas,-1.3,
fofocando,-1.8,
fofoquices,-0.8,
gossipry,-1.2,
fofocar,-1.3,
graca,1.8,
agraciado,0.9,
gracioso,2.6,
mais gracioso,2.8,TERM
graciosamente,2.3,
gratidao,2.3,
gracas,1.6,
gracile,1.7,
graciosos,0.6,
gracilis,0.4,
gracilidade,1.2,
gracing,1.3,
graciousness,2.4,
grande,2.0,
grandee,1.1,
grandes,1.2,
maior,3.2,
grandeza,2.4,
grandezas,2.1,
conceder,1.5,
concedido,1.0,
concedendo,1.3,
concessoes,0.9,
grato,2.7,
gratefuller,1.8,
com gratidao,2.1,TERM
graticule,0.1,
graticules,0.2,
gratificacao,1.6,
gratifica,1.5,
satisfazer,2.0,
gratificante,2.4,
gratificantemente,2.0,
gratinado,0.4,
grade,-0.4,
gratingly,-0.2,
grades,-0.8,
gratines,0.2,
gratis,0.2,
gratz,2.0,
grave,-1.6,
graved,-0.9,
cascalho,-0.5,
gravado,-0.5,
sem cascas,-1.3,TERM
gravemente,-2.6,
graven,-0.9,
graveness,-1.5,
mais grave,-1.3,TERM
gravers,-1.2,
sepulturas,-1.2,
tumulo,-0.8,
tumulos,-1.6,
lapide,-0.7,
lapides,-0.5,
cemiterio,-1.2,
cemiterios,-1.2,
otimo,1.5,
ganancia,-1.7,
mais esperto,1.3,TERM
avidamente,-1.9,
greenwash,-1.8,
lavagem ecologica,-0.4,TERM
cumprimentar,1.3,
cumprimentou,1.1,
cumprimento,1.6,
saudacoes,1.8,
cumprimenta,0.6,
cinzento,0.2,
prostracao,-2.2,
queixas,-1.5,
agravos,-1.1,
sofrer,-1.6,
sofrido,-2.0,
lamentador,-1.6,
delitos,-0.3,
sofre,-2.1,
sofrendo,-2.3,
gravidade,-0.2,
careta,-1.0,
fez uma careta,-2.0,TERM
muecas,-1.8,
fazendo caretas,-1.4,TERM
grimalkin,-0.9,
grimed,-1.2,
grimes,-1.0,
severamente,-2.0,
griminess,-1.6,
griming,-0.7,
sombriamente,-1.3,
mais grimmest,-0.8,TERM
escuridao,-0.8,
sorrir,1.5,
sorriu,2.5,
grinner,1.1,
sorrisos,2.1,
arrecadado,-0.4,
grosses,-0.8,
cobranca,-0.3,
grosseria,-1.5,
grossular,-0.3,
grossularite,-0.1,
grossularites,-0.7,
grossulars,-0.3,
grouch,-2.2,
chateado,-1.6,
grunhidos,-0.9,
mais mal-humorado,-2.0,TERM
mal-humorado,-1.7,
gritando,-1.6,
crescendo,0.7,
crescimento,1.6,
mais culpado,-1.7,TERM
com culpa,-1.1,TERM
inocente,0.9,
falta de culpa,0.6,TERM
culpas,-1.4,
credulidade,-1.6,
credulo,-1.5,
arma de fogo,-1.4,TERM
h8,-2.7,
ha,1.4,
hackeado,-1.7,
haha,2.0,
hahaha,2.6,
hahas,1.8,
saudar,0.3,
saudado,0.9,
aleluia,3.0,
bonito,2.2,
bem-estar,1.6,
infeliz,-1.8,
desamparo,-1.7,
mais feliz,3.2,TERM
voce,1.1,
molestar,-2.1,
assediado,-2.5,
assediante,-2.4,
assaltantes,-2.8,
assedio,-2.6,
assediar,-2.5,
mais duro,-0.6,TERM
robusto,-1.7,
prejuizo,-1.8,
prejudicado,-2.1,
nocividade,-2.6,
prejudicando,-2.6,
inofensivo,0.8,
inofensivamente,1.4,
harmonico,0.5,
harmonica,0.6,
harmonicamente,2.1,
harmonicas,0.1,
harmonicos,1.5,
harmonias,1.3,
harmonioso,2.0,
harmoniosamente,1.9,
harmoniosidade,1.8,
harmonizar,1.7,
harmonizado,1.6,
harmonizando,1.4,
harmonio,0.9,
harmonizavel,0.8,
harmonizacao,1.9,
harmonizacoes,0.9,
harmonizador,1.6,
harmonizadores,1.6,
harmoniza,1.5,
harmonia,1.7,
prejudica,-2.2,
harried,-1.4,
aspero,-1.9,
mais severo,-1.5,TERM
odio,-3.2,
odiou,-3.2,
odioso,-2.3,
odiar,-3.6,
odiador,-1.8,
odiadores,-2.2,
odeia,-1.9,
odiando,-2.3,
assombro,-1.7,
assombrada,-2.1,
assombrando,-1.1,
assombracoes,-1.0,
havoc,-2.9,
saudavel,1.7,
destruidor de coracoes,-2.2,TERM
quebra-coracoes,-2.1,
dolorosamente,-2.4,
quebrante,-1.8,
coracao partido,-3.3,TERM
sincero,1.7,
sem coracao,-2.8,TERM
falta de coracao,-2.8,TERM
ceu,2.3,
celestial,3.0,
mais celestial,2.7,TERM
celestiais,2.3,
ceus,1.7,
para o ceu,1.2,TERM
heh,-0.6,
inferno,-3.6,
infernal,-3.2,
socorro,1.7,
ajudante,1.4,
ajudantes,1.1,
util,1.9,
de forma util,1.8,TERM
gentileza,2.3,
ajudando,1.2,
desamparado,-2.0,
impotente,-2.2,
ajuda,1.6,
heroi,2.6,
herois,1.3,
heroico,1.1,
homerico,2.9,
heroicamente,2.4,
heroicomic,1.0,
heroics,2.4,
heroina,-2.0,
heroinas,1.8,
heroismo,2.0,
heroismos,2.2,
heroizar,2.1,
heroizes,2.2,
heroizando,1.9,
garca,0.1,
heronries,0.7,
heronry,0.1,
garcas,0.5,
hesitacao,-1.1,
hesitacoes,-1.1,
hesitante,-1.0,
hesitantemente,-1.5,
hesite,-1.1,
hesitou,-1.3,
hesitater,-1.4,
hesitantes,-1.4,
hesita,-1.4,
hesitando,-1.4,
escondeu,-0.4,
ocultar,-0.7,
esconde,-0.9,
se escondendo,-1.2,TERM
realcar,1.4,
hilario,1.7,
obstaculo,-1.5,
feriado,1.7,
feriados,1.6,
com saudades de casa,-0.7,TERM
nostalgia,-1.8,
honesto,2.3,
honester,1.9,
mais honesto,3.0,TERM
honesties,1.8,
honestamente,2.0,
honestidade,2.2,
honra,2.7,
honorabilidade,2.2,
honroso,2.1,
honrosamente,2.4,
honorarios,1.3,
honorariamente,1.9,
honorario,1.7,
honrado,2.2,
homenageado,2.1,
homenageados,2.3,
honorifico,1.4,
honorificamente,2.2,
honorificos,1.7,
honrando,2.1,
honras,2.2,
honrador,1.8,
honradores,1.6,
hooligan,-1.5,
hooliganismo,-2.1,
hooligans,-1.1,
hooray,2.3,
esperanca,1.6,
esperava,1.6,
esperancoso,2.3,
esperancosamente,1.7,
sem esperanca,-2.0,TERM
irremediavelmente,-2.2,
desesperanca,-3.1,
esperancas,1.8,
na esperanca,1.8,TERM
horrendo,-2.8,
horrivelmente,-3.3,
horrent,-0.9,
horrivelidade,-2.4,
horriveis,-2.1,
horrendas,-3.0,
horroriza,-2.9,
horrorizar,-2.5,
horror,-2.7,
horrores,-2.7,
hostil,-1.5,
hostis,-1.3,
hostilidades,-2.1,
hostilidade,-2.5,
huckster,-0.9,
enorme,1.3,
huggable,1.6,
abracou,1.7,
hugger,1.6,
huggers,1.8,
abracando,1.8,
abracos,2.2,
humerous,1.4,
humilhar,-2.5,
humilhado,-1.4,
humilha,-1.0,
humilhante,-1.2,
humilhantemente,-2.6,
humilhacao,-2.7,
humilhacoes,-2.4,
humor,2.1,
humoral,0.6,
humorada,1.1,
humoresque,1.2,
humoresques,0.9,
humorista,1.2,
humoristico,1.6,
humoristas,1.3,
sem humor,-1.3,TERM
falta de humor,-1.4,TERM
com humor,-1.3,TERM
humores,1.6,
fazendo graca,1.7,TERM
comico,2.0,
fome,-1.9,
hurra,2.7,
trancado,1.9,
hurrahing,2.4,
hurrahs,2.1,
atirando,1.2,
hurrays,2.4,
ferido,-2.4,
inflexao,-1.9,
ferimento,-1.9,
machucando,-1.7,
hurtle,-0.3,
se precipitou,-0.6,TERM
se precipita,-1.0,TERM
sem ferida,0.3,TERM
se precipitando,-1.4,TERM
doi,-2.1,
hipocrita,-2.0,
histeria,-1.8,
histerico,-0.1,
ideal,2.4,
ideia,-1.9,
idealize,1.4,
idealizado,1.8,
idealiza,2.0,
idealizando,1.4,
idealismo,1.7,
idealismos,0.8,
idealista,1.7,
idealistas,0.7,
idealidades,1.5,
idealidade,1.9,
idealizacao,1.8,
idealizacoes,1.4,
idealizar,1.2,
idealizador,1.3,
idealizadores,1.9,
idealless,-1.7,
idealmente,1.8,
idealogues,0.5,
ideologia,0.8,
ideais,0.8,
ignoravel,-1.0,
ignorante,-1.3,
ignorantes,-0.7,
ignorancia,-1.1,
ignorancias,-1.2,
ignorantemente,-1.6,
ignorar,-1.5,
ignorado,-1.3,
ignora,-1.1,
ignorando,-1.7,
eu vou,-1.8,TERM
ilegal,-2.6,
analfabetismo,-1.9,
doenca,-1.7,
doencas,-2.2,
imobilizado,-1.2,
imoral,-2.0,
imoralismo,-1.6,
imoralista,-2.1,
imoralistas,-1.7,
imoralidades,-1.1,
imoralidade,-0.6,
imoralmente,-2.1,
imortal,1.0,
imune,1.2,
impaciencia,-1.8,
impacientes,-0.2,
impacientemente,-1.7,
imperfeita,-1.3,
impessoal,-1.3,
indelicado,-2.1,
impericia,-1.8,
impolunidades,-2.3,
importancia,1.5,
importancias,0.4,
importacao,1.4,
importante,1.3,
impor,-1.2,
imposto,-0.3,
impoe,-0.4,
imponente,-0.4,
impressionar,0.6,
impressionado,2.1,
impressiona,2.1,
impressionabilidade,1.2,
impressionavel,0.2,
impressao,-0.4,
impressionismo,0.8,
impressionismos,0.5,
impressionista,1.6,
impressionistas,0.5,
impressoes,0.5,
impressionantemente,2.0,
melhorar,1.9,
melhorado,2.1,
melhoria,2.0,
melhorias,1.3,
melhorador,1.8,
melhoradores,1.3,
melhora,1.8,
melhorando,1.8,
incapacidade,-1.7,
inacao,-1.0,
insuficiencias,-1.7,
inadequacao,-1.6,
inadequado,-1.7,
inadequadamente,-1.0,
incapaz,-1.6,
incapacitado,-1.9,
indignado,-2.5,
incentivo,1.5,
incompetencia,-2.3,
incompetente,-2.1,
inconsiderado,-1.9,
inconveniencia,-1.5,
inconveniente,-1.4,
aumentar,1.3,
aumentou,1.1,
indecisao,-1.3,
indeciso,-0.9,
na duvida,-0.7,TERM
indecisamente,-0.9,
indestrutivel,0.6,
indiferenca,-0.2,
indiferente,-0.8,
indignacao,-2.0,
doutrinar,-1.4,
doutrinada,-0.4,
doutrina,-0.6,
doutrinado,-0.7,
ineficaz,-1.2,
ineficazmente,-1.1,
ineficacia,-1.3,
apaixonado,2.4,
paixao,0.4,
infectado,-2.2,
inferior,-1.7,
inferioridades,-1.9,
inferioridade,-1.1,
inferiormente,-2.0,
inferiores,-0.5,
inflamado,-1.4,
influente,1.9,
violacao,-2.2,
enfurecer,-2.2,
enfurecida,-3.0,
enfurecendo,-2.4,
inibina,-0.2,
inibir,-1.6,
inibiu,-0.4,
inibindo,-0.4,
inibicao,-1.5,
inibicoes,-0.8,
inibidor,-0.3,
inibidores,-1.0,
inibitorio,-1.0,
inibe,-0.9,
lesionado,-1.7,
injustica,-2.7,
inocencia,1.9,
inocentemente,1.4,
inocentes,1.1,
inovar,2.2,
inova,2.0,
inovacao,1.6,
inovativa,1.9,
inquisicao,-1.2,
inquisitivo,0.7,
insano,-1.7,
insanidade,-2.7,
inseguro,-1.0,
inseguranca,-1.8,
insegurancas,-1.8,
insensivel,-0.9,
insensividade,-1.8,
insignificante,-1.4,
insincero,-1.8,
insinceramente,-1.9,
insinceridade,-1.4,
insipido,-2.0,
inspiracao,1.9,
inspirador,1.8,
de forma inspiradora,2.1,TERM
inspiracoes,0.8,
inspiradores,2.0,
inspirar,2.7,
inspirado,1.3,
inspira,1.9,
inspiradoramente,2.6,
insulto,-2.3,
insultado,-2.3,
insultante,-2.0,
insultadores,-2.0,
insultando,-2.2,
insultantemente,-2.3,
insultos,-1.8,
intacta,0.8,
integridade,1.6,
intelecto,1.8,
inteleccao,0.6,
inteleccoes,0.8,
intelectivo,1.7,
intelectualmente,1.4,
intelectual,2.3,
intelectualismo,1.3,
intelectualista,2.0,
intelectualistas,0.8,
intelectualidades,1.7,
intelectualidade,1.5,
intelectualizacao,0.8,
intelectualizar,1.5,
intelectualizado,1.2,
intelectualiza,1.8,
intelectuais,1.6,
sapiencia,1.5,
inteligencias,1.5,
muito inteligente,1.9,TERM
intelligentsia,1.5,
inteligibilidade,1.5,
inteligivel,1.4,
inteligivelmente,1.2,
intenso,0.3,
interesse,2.0,
interessado,1.5,
interessante,1.7,
curiosamente,1.7,
curiosidade,1.8,
interesses,1.0,
interrogado,-1.6,
interromper,-1.4,
interrompido,-1.2,
interruptor,-1.3,
interruptores,-1.3,
imterrompivel,-1.3,
interrompendo,-1.2,
interrupcao,-1.5,
interrupcoes,-1.7,
interruptivo,-1.4,
interrompe,-1.3,
intimidar,-0.8,
intimida,-1.3,
intimidador,-1.6,
intimidantemente,-1.1,
intimidacao,-1.8,
intimidacoes,-1.4,
intimidadores,-1.6,
intimidatorio,-1.1,
intrincado,0.6,
intrigas,0.9,
revigorar,2.3,
revigorado,1.9,
revigora,1.8,
revigorante,2.1,
revigorantemente,2.0,
revigoramento,1.5,
revigoracoes,1.2,
revigorador,1.1,
revigorantes,1.2,
invencivel,2.2,
convite,0.6,
convidativo,1.3,
invulneravel,1.3,
irado,-2.9,
ironico,-0.5,
ironia,-0.2,
irracional,-1.4,
irracionalismo,-1.5,
irracionalista,-2.1,
irracionais,-1.1,
irracionalidades,-1.5,
irracionalidade,-1.7,
irracionalmente,-1.6,
irresistivel,1.4,
irresoluto,-1.4,
irresponsavel,-1.9,
irreversivel,-0.8,
irritabilidade,-1.7,
irritavel,-2.1,
irritar,-1.8,
irritantemente,-2.0,
irritacao,-2.3,
irritacoes,-1.5,
isolavel,0.2,
isolar,-0.8,
isolado,-1.3,
isolados,-1.3,
isolamento,-1.7,
isolacionismo,0.4,
isolacionista,0.7,
isolamentos,-0.5,
isolador,-0.4,
isoladores,-0.4,
sarnento,-1.1,
loucas,-2.8,
com ciumes,-2.0,TERM
ciumes,-1.3,
empurrao,-1.4,
empurrou,-0.8,
idiotas,-1.3,
joia,1.5,
joias,2.0,
jocosa,1.2,
junte-se,1.2,
gracejo,1.2,
brincou,1.3,
palhaco,0.5,
piadas,1.0,
jokester,1.5,
brincadeiras,1.3,
jokey,1.1,
brincadeira,1.2,
jollied,2.4,
jollies,2.0,
jollification,2.2,
jollifications,2.0,
zombar,-2.0,
jollily,2.7,
paciencia,2.5,
jollities,1.7,
zangando,2.3,
jovial,1.9,
jubilo,2.7,
sem alegria,-1.7,TERM
falta de alegria,-2.7,TERM
com alegria,2.9,TERM
joypop,-0.2,
joypoppers,-0.1,
joyridden,0.6,
joyrider,0.7,
joyriders,1.3,
joyrides,0.8,
de alegria,0.9,TERM
joyrode,1.0,
alegrias,2.2,
controle de video game,0.7,TERM
joysticks,0.2,
jubiloso,3.0,
justica,2.4,
justificadamente,1.0,
justificado,1.7,
interessados,0.6,
mais intenso,1.9,TERM
intensamente,1.0,INCR
agudeza,1.4,
keens,0.1,
kewl,1.3,
brincando,0.4,
matar,-0.1,
matador,-1.1,
matadores,-0.1,
killdees,-0.6,
assassinos,-3.3,
killick,0.1,
killie,-0.1,
matando,-2.6,
killjoy,-2.1,
matancas,-1.7,
killock,-0.3,
mata,-2.5,
tipo,2.4,DECR
do tipo,2.2,TERM
gentilmente,2.2,
beijo,1.8,
beijavel,2.0,
pegavel,1.9,
beijou,1.6,
beijoqueiro,1.7,
beijinhos,1.5,
beijos,2.3,
se beijando,2.7,TERM
kissy,1.8,
falta,-1.3,
lackadaisical,-1.6,
atraso,-1.4,
atrasos,-1.5,
coxo,-1.8,
lamebrain,-1.6,
lamedido,-2.5,
lamebrains,-1.2,
lamedh,0.1,
lamela,-0.1,
lamelas,0.1,
lamellibranch,0.2,
lamellibranchs,-0.1,
maliciosamente,-0.7,
claudicacao,-0.8,
lamento,-2.0,
lamentavel,-2.3,
lamentabilidade,-1.3,
lamentavelmente,-1.7,
lamentacao,-1.2,
lamentacoes,-1.9,
lamentou,-1.6,
lamentadores,-2.0,
lamentando,-1.7,
lamenta,-1.9,
lamer,-1.4,
lames,-1.2,
lamest,-1.5,
marco,0.3,
risivel,0.2,
risadinha,1.2,
ridiculamente,-1.4,
rindo,2.2,
riso,2.2,
lancado,0.5,
lei,1.4,
acao judicial,-0.9,TERM
acoes judiciais,-0.6,TERM
mais preguicoso,-2.3,TERM
mais lazyest,-2.7,TERM
preguicoso,-1.5,
fuga,-1.4,
vazou,-1.3,
sair,-0.2,
leet,1.3,
legalmente,0.4,
indulgente,1.1,
letargico,-1.2,
letargia,-1.4,
responsabilidades,-0.8,
responsabilidade,-0.8,
mentiroso,-2.3,
liristas,-0.4,
mentirosos,-2.4,
difamatorio,-2.1,
libertario,0.9,
libertarismo,0.4,
libertarianismos,0.1,
libertarios,0.1,
libertinagem,0.2,
libertino,-0.9,
libertinos,0.4,
libertinismos,1.2,
mentiu,-1.6,
mentiras,-1.8,
salva-vidas,2.8,
gostar,1.5,
simpatico,2.3,
gosta,1.8,
limitacao,-1.2,
limitado,-0.9,
litigio,-0.8,
litigioso,-0.8,
mais animado,2.1,TERM
meios de subsistencia,0.9,TERM
viva,1.8,
vivacidade,1.6,
viver muito,1.7,TERM
livido,-2.5,
rindo muito,2.0,TERM
odeio,-2.2,
detestada,-2.1,
repugnancia,-2.7,
lobby,0.1,
pressao,-1.2,
ri muito,2.9,TERM
solitario,-1.5,
mais solitario,-2.4,TERM
solidao,-1.1,
solidoes,-1.5,
solitarios,-0.9,
muito sozinho,-1.3,TERM
totalmente sozinho,-1.8,TERM
estar sozinho,-1.4,TERM
anseio,-0.1,
anseios,0.4,
tear,-0.9,
apareceu,-1.1,
iminente,-0.5,
aparece,-0.6,
solto,-1.3,
perde,-1.3,
perder,-1.7,
fracassado,-2.4,
perdedores,-2.4,
perdendo,-1.6,
perda,-1.3,
perdas,-1.7,
com perdas,-1.2,TERM
perdido,-1.2,
piolho,-1.6,
loused,-1.0,
louses,-1.3,
lousewort,0.1,
louseworts,-0.6,
mais lousier,-2.2,TERM
mais pessimo,-2.6,TERM
miseria,-2.7,
repugnantemente,-2.5,
amavel,2.8,
queridices,2.2,
amante,2.8,
amantes,2.4,
o amor e,2.7,TERM
amorosidade,2.7,
baixo,-0.7,
bola baixa,-0.8,TERM
lowballed,-1.5,
lowballing,-0.7,
lowballs,-1.2,
baixo nascido,-0.7,TERM
lowboys,-0.6,
de baixo teor,-2.6,TERM
lowbrow,-1.9,
lowbrows,-0.6,
lowdown,-0.8,
baixas,-0.8,
lowe,0.5,
baixado,-0.8,
mais baixo,-1.8,TERM
minusculas,0.3,
em minuscula,-0.2,TERM
menor classe,-0.4,TERM
abaixou,-0.5,
abaixando,-1.0,
diminui,-0.5,
menor,-1.6,
planicie,-0.1,
camponesa,-0.4,
baixistas,-0.3,
planicies,-0.1,
baixa vida,-1.5,TERM
vidinha,-2.2,
luz baixa,-2.0,TERM
lowlights,-0.3,
lowlihead,-0.3,
humildade,-1.1,
lowlinesses,-1.2,
lowlives,-2.1,
humilde,-1.0,
lown,0.9,
baixeza,-1.3,
lowrider,-0.2,
lowriders,0.1,
lealdade,1.0,
lealdades,1.9,
lealista,1.5,
leais,1.1,
lealmente,2.1,
sorte,1.0,
com sorte,1.9,TERM
sorteio,1.6,
mais afortunado,1.9,TERM
mais sortudas,2.9,TERM
sortudo,1.2,
sortes,1.6,
por sorte,1.8,TERM
ridiculo,-1.1,
ridiculos,-1.6,
lol,2.0,
lunatico,-2.2,
lunaticos,-1.6,
espreitar,-0.8,
a espreita,-0.5,TERM
deitado,-2.4,
enlouquecendo,-2.2,
madder,-1.2,
magnifico,1.8,
magnificamente,3.4,
ampliacao,1.0,
ampliacoes,1.2,
magnificencia,2.4,
magnificencias,2.3,
magnificos,1.4,
obrigatorio,0.3,
maniaco,-0.3,
de forma maniaca,-1.7,TERM
maniacos,-1.2,
manipulado,-1.5,
manipulando,-1.5,
manipulacao,-1.2,
maravilha,1.8,
maravilhoso,2.7,
maravilhas,2.0,
masoquismo,-1.6,
masoquismos,-1.1,
masoquista,-1.6,
masoquistas,-1.2,
obra-prima,3.1,
obras-primas,2.5,
importam,0.1,
importa,0.1,
maduro,1.8,
significativo,0.8,
sem significado,-1.9,TERM
medalha,2.1,
mediocridade,-0.3,
meditativo,1.4,
meh,-0.3,
com melancolia,-2.0,TERM
melancolicos,-1.0,
ameaca,-1.6,
ameacada,-1.7,
misericordia,0.1,
merito,1.8,
merecido,1.4,
merecendo,1.1,
meritocracia,0.6,
meritocrata,0.4,
meritocratas,1.1,
meritorio,2.1,
merecidamente,1.3,
merecimento,1.7,
merece,1.7,
meraimagens,2.0,
merriness,2.2,
foliao,2.2,
merrymakers,1.7,
merrymaking,2.2,
merrymakings,2.4,
merrythought,1.1,
merrythoughts,1.6,
bagunca,-1.5,
baguncado,-1.5,
metodico,0.6,
sem sentido,-1.9,TERM
milagre,2.8,
mirthful,2.7,
mirthfully,2.0,
comportar-se mal,-1.9,TERM
mal comportado,-1.6,TERM
misbehaves,-1.6,
misbehaving,-1.7,
travessura,-2.7,
avarento,-1.8,
miseravel,-1.4,
miseravelmente,-2.1,
miserere,-0.8,
misericordias,-0.5,
miserias,-2.7,
avareza,-2.6,
avarentos,-1.5,
misgiving,-1.4,
desinformacao,-1.3,
desinformado,-1.6,
mal interpretado,-1.5,TERM
notificacao incorreta,-1.5,TERM
deturpacao,-2.0,
senhorita,-0.6,
sente falta,-0.9,TERM
ausencia de,-1.2,TERM
erroneamente,-0.8,
confundido,-1.5,
por engano,-1.2,TERM
confundindo,-1.1,
mal entendido,-1.8,TERM
entende mal,-1.3,TERM
incompreendido,-1.4,
mlm,-1.4,
mmk,0.6,
gemido,-0.6,
gemeu,-0.9,
gemendo,-0.4,
gemidos,-0.6,
zombado,-1.3,
mocado,-0.8,
zombarias,-1.6,
mocados,-1.3,
zombaria,-1.3,
zombando,-1.7,
molestacao,-1.9,
molestacoes,-2.9,
molestado,-1.9,
molestador,-2.3,
molestadores,-2.2,
molestando,-2.8,
molestias,-3.1,
mongering,-0.8,
monopolizar,-0.8,
monopolizado,-0.9,
monopoliza,-1.1,
monopolizando,-0.5,
mooch,-1.7,
mooched,-1.4,
moocher,-1.5,
moochers,-1.9,
mooches,-1.4,
mooching,-1.7,
mais mau,-2.1,TERM
mau humor,-1.4,TERM
temperamental,-1.5,
mope,-1.9,
moping,-1.0,
moronicamente,-1.4,
moronidade,-1.1,
filho da puta,-2.7,TERM
filho duma puta,-2.8,TERM
motivar,1.6,
motivado,2.0,
motivando,2.2,
motivacao,1.4,
mourner,-1.6,
choros,-0.6,
mournfuller,-1.9,
tristemente,-2.2,
arrasado,-1.8,
luto,-1.9,
de luto,-2.3,TERM
muah,2.8,
mumpish,-1.4,
assassinado,-3.4,
murderee,-3.2,
murderees,-3.1,
assassina,-2.2,
assasinos,-2.6,
assassinando,-3.3,
assassamente,-3.1,
n00b,-1.6,
nag,-1.5,
nagana,-1.7,
nagger,-1.8,
naggers,-1.5,
mais nautico,-1.4,TERM
ranzinza,-1.7,
naggy,-1.7,
nags,-1.1,
nah,-0.4,
ingenuo,-1.1,
nastic,0.2,
mais desagradavel,-2.4,TERM
probleminhas,-2.1,
nastinesses,-2.6,
chagas,0.4,
pastilhas,0.1,
natural,1.5,
puro,2.0,
neaten,1.2,
arrumado,2.0,
neatening,1.3,
neatens,1.1,
mais limpo,1.0,TERM
mais puro,1.7,TERM
neath,0.2,
neatherd,-0.4,
ordenadamente,1.4,
limpeza,1.3,
neats,1.1,
carente,-1.4,
negativo,-2.7,
negatividade,-2.3,
negligencia,-2.2,
negligenciado,-0.1,
negligente,-2.0,
negligentes,-1.5,
negligentemente,-2.1,
negligenciando,-1.7,
mais nerdier,-0.2,TERM
mais nitido,0.6,TERM
nerdish,-0.1,
nerdisse,-0.2,
nervos,-0.4,
nervosamente,-0.6,
nervosismo,-1.2,
neurotico,-1.4,
neuroticamente,-1.8,
neuroticismo,-0.9,
neuroticos,-0.7,
bom,1.8,
gentilidade,1.6,
mais legal,2.2,TERM
lindas,1.5,
escrupulo,1.2,
nitido,1.7,
niggas,-1.4,
negro,-3.3,
nao,-1.2,NEG
nobre,2.0,
barulhento,-0.7,
absurdo,-1.7,
novato,-0.2,
notorio,-1.9,
romance,2.6,
entorpecido,-0.9,
numbat,0.2,
numero,0.3,
numeravel,0.6,
numbest,-1.0,
numbfish,-0.4,
numbfishes,-0.7,
entorpecimento,-1.1,
numbingly,-1.3,
numicas,0.4,
numbicamente,-1.4,
entumes,-0.7,
numbskull,-2.3,
numbskulls,-2.2,
nurtural,1.5,
nurturance,1.6,
nurturances,1.3,
nutricional,1.7,
nutrir,1.4,
nutrido,1.9,
nutridor,1.9,
nutridores,0.8,
nutre,1.9,
nutrindo,2.0,
nozes,-1.3,
o.o,-0.6,
o / \ o,2.1,TERM
o_0,-0.1,
obliterar,-2.9,
obliterado,-2.1,
obnoxio,-2.0,
desobediencia,-2.1,
obsceno,-2.8,
obcecado,-0.7,
obsessoes,-0.9,
obsessivo,-0.9,
obsessao,-1.2,
de forma obsessiva,-1.3,TERM
obsessivamente,-0.4,
obsessivos,-0.7,
obsoleto,-1.2,
obstaculos,-1.6,
obstinado,-1.2,
impar,-1.3,
ofensa,-1.0,
ofensas,-1.5,
ofender,-2.3,
ofensor,-1.5,
infratores,-1.5,
ofende,-2.0,
ofensiva,-2.0,
ofensivamente,-2.8,
ofensividade,-2.3,
ofensivas,-0.8,
desligada,-0.5,
esta bem,1.6,TERM
ok,0.9,
sinistro,-2.9,
uma vez na vida,1.8,TERM
abertura,1.4,
oportuno,1.7,
oportunamente,1.5,
oportunidade,1.8,
oportunismo,0.4,
oportunismos,0.2,
oportunista,-0.1,
oportunisticamente,0.9,
oportunistas,0.3,
oportunidades,1.6,
oprimido,-2.1,
opressivo,-1.7,
otimizacao,1.6,
otimamente,1.3,
otimizacoes,0.9,
otimizar,2.2,
otimizado,2.0,
otimiza,1.8,
otimizando,2.0,
otimismo,2.5,
otimismos,2.0,
otimista,2.1,
otimistas,1.6,
otimizador,1.5,
otimizadores,2.1,
sem opcao,-1.7,TERM
original,1.3,
clamor,-2.3,
extrovertido,1.2,
superado,0.5,
ultraje,-2.3,
"ultrajante, ultrajoso",-2.0,TERM
escandalosamente,-1.2,
ultrajante,-1.2,
ultrajantes,-1.3,
ultrajes,-2.3,
divulgacao,1.1,
excepcional,3.0,
muito feliz,2.7,TERM
sobrecarga,-1.5,
reagir exageradamente,-1.0,TERM
reagido exageradamente,-1.7,TERM
reacao exagerada,-2.2,TERM
oversell,-0.9,
overselling,-0.8,
oversells,0.3,
simplificacao excessiva,-0.6,TERM
simplifica demais,0.1,TERM
exagero,-1.1,
exageracoes,-0.7,
excesso de peso,-1.5,TERM
oprimir,-0.7,
esmagadoramente,-0.5,
oprime,-0.8,
oximoro,-0.5,
dolorido,-1.8,
causa dor,-1.7,TERM
dorante,-1.7,
sem dor,1.2,TERM
indolor,1.1,
falta de dor,0.4,TERM
palatavel,1.1,
para provar,0.8,TERM
panico,-1.9,
entrou em panico,-2.0,TERM
entrando em panico,-1.9,TERM
panicula,0.5,
em panico,0.1,TERM
panicos,-0.2,
paniculado,0.1,
panicums,-0.1,
paraiso,3.2,
paradoxo,-0.4,
paranoia,-1.0,
paranoico,-1.0,
paranoicos,-1.6,
paranoias,-1.5,
indultos,1.2,
parley,-0.4,
partiu,1.4,
festeiras,1.4,
festeiros,0.7,
partidario,1.2,
partidarios,1.1,
passional,1.6,
apaixonadamente,2.4,
flor da paixao,0.3,TERM
sem paixao,-1.9,TERM
paixoes,-2.0,
passiva,0.8,
passivamente,-0.7,
patetico,-1.2,
pateticamente,-1.8,
pagamento,-0.4,
paz,2.1,
pacifico,2.2,
pacificidade,1.8,
pacificamente,2.4,
calmler,1.9,
mais tranquilo,0.8,TERM
pacificador,2.0,
pacificadores,2.4,
manutencao da paz,1.6,TERM
pacificacao,1.7,
peacenik,0.8,
peaceniks,0.7,
pazes,2.1,
tempo de paz,2.2,TERM
tempos de paz,2.1,TERM
peculiar,0.6,
peculiaridades,0.1,
peculiaridade,0.6,
peculiarmente,-0.4,
pena,-1.2,
pensativo,1.7,
perfeito,1.3,
perfeita,1.4,
aperfeicoado,1.5,
aperfeicoados,1.4,
mais perfeito,3.1,TERM
perfeicoes,2.5,
perfectibilidade,1.8,
perfectivel,1.5,
aperfeicoando,1.7,
perfeicao,3.0,
perfeccionismo,1.3,
perfeccionista,1.5,
perfeccionistas,0.1,
perfeitamente,3.2,
perfeitos,0.9,
aperfeicoa,1.6,
perjurio,-1.9,
autor,-2.2,
perpetradores,-1.0,
perplexo,-1.3,
perseguir,-2.1,
perseguido,-1.3,
persegue,-1.2,
perseguindo,-1.5,
perverso,-2.4,
perversamente,-2.1,
perversidade,-2.6,
perversao,-1.3,
perversoes,-1.2,
perversidades,-1.1,
perversivo,-2.1,
perverter,-1.7,
pervertido,-1.0,
pervertida,-1.2,
pervertedores,-0.6,
pervertidos,-2.8,
pesky,-1.2,
pessimismo,-2.0,
pessimista,-2.0,
pessimistas,-1.0,
petrificacao,-0.1,
petrificacoes,-0.4,
petrificado,-2.5,
petrifica,-2.3,
petrificar,-1.7,
petrificante,-2.6,
mais pequeno,-0.3,TERM
pequenininho,-1.3,
mesquinho,-1.6,
fobia,-1.6,
fobias,-2.0,
fobico,-1.2,
fobica,-1.3,
pitoresco,1.6,
acumular-se,-1.1,
pique,-1.1,
picado,-0.6,
xixi,-1.7,
mijao,-1.5,
mijoes,-2.5,
pisser,-2.0,
pissers,-1.4,
pisses,-1.4,
pissing,-1.7,
pissoir,-0.8,
piteous,-1.2,
pitificidade,-1.1,
pitiably,-1.1,
com pena,-1.3,TERM
pitier,-1.2,
pitiers,-1.3,
piedade,-1.4,
pitifuller,-1.8,
mais pitifullest,-1.1,TERM
impiedoso,-1.8,
impiedosamente,-2.1,
impiedade,-0.5,
pitiriasis,-0.8,
toque,1.4,
reproduziu,1.4,
brincalhao,1.9,
jogando,0.8,
tocam,1.0,
mais prazeroso,1.5,TERM
mais agradavel,2.6,TERM
por favor,1.3,TERM
agrada,1.7,
prazeravelmente,2.6,
sem estimulo,-1.6,TERM
equilibrado,1.0,
pocao,-2.5,
envenenado,-2.2,
envenenador,-2.7,
envenenadores,-3.1,
envenenamento,-1.0,
envenenamentos,-2.4,
venenoso,-2.7,
venenosamente,-2.9,
venenos,-2.7,
poluir,-2.3,
poluido,-2.0,
poluidor,-1.8,
poluidores,-2.0,
polui,-2.2,
pobre,-2.1,
mais pobre,-2.5,TERM
popular,1.8,
popularizar,1.3,
popularizado,1.9,
populariza,1.4,
popularizando,1.5,
popularidades,1.6,
popularidade,2.1,
popularizacao,1.3,
popularizacoes,0.9,
popularizador,1.8,
popularizadores,1.0,
popularmente,1.8,
positivo,2.6,
positivamente,2.4,
positividade,2.3,
positivas,2.2,
positiver,2.3,
positivos,2.4,
mais positivista,2.9,TERM
positivismo,1.6,
positivismos,1.8,
positivista,1.9,
positivistas,1.7,
positividades,2.6,
possessivo,-0.9,
postergar,-1.1,
adiado,-0.8,
adiando,-0.5,
pobreza,-2.3,
poderoso,1.8,
praiser,2.0,
pregadores,2.0,
louvavel,2.6,
louvando,2.5,
orar,1.3,
rezar,1.5,
reza,1.4,
prblm,-1.6,
prblms,-2.3,
precioso,2.5,
preciosamente,2.2,
preciosidade,1.9,
preconceito,-2.3,
preconceituoso,-1.9,
preconceitos,-1.8,
preparado,0.9,
pressionado,-0.9,
sem pressao,1.0,TERM
pressoes,-1.3,
pressionando,-1.4,
pressurizar,-0.7,
pressurizado,0.1,
pressuriza,-0.2,
pressurizacao,-0.2,
pressurizacoes,-0.3,
pressurizador,0.1,
pressurizadores,-0.7,
faz de conta,-0.4,TERM
finge,-0.4,
embelezada,1.6,
bonitas,1.7,
impediu,0.1,
impedindo,-0.1,
prick,-1.4,
pricker,-0.3,
prickers,-0.2,
pricket,-0.5,
prickets,0.3,
picar,-0.9,
prickle,-1.0,
prickled,-0.2,
prickles,-0.8,
mais precoce,-1.6,TERM
mais picado,-1.4,TERM
espalhafato,-0.6,
espinhoso,-1.1,
pricky,-0.6,
orgulho,1.4,
prisao,-2.3,
prisioneiro,-2.5,
prisioneiros,-2.3,
privilegio,1.5,
privilegiado,1.9,
privilegios,1.6,
privilegiar,0.7,
valorizado,1.9,
combate de premio,-0.1,TERM
combatentes de premios,-0.1,TERM
combate de premios,0.4,TERM
vencedor,1.0,
vencedores,2.1,
vencedor do premio,2.3,TERM
ganhadores,2.4,
proativo,1.8,
problema,-1.7,
problematico,-2.3,
problematicamente,-2.0,
problematicos,-1.3,
problemas,-2.0,
lucro,0.4,
rentabilidade,2.4,
rentavel,1.9,
lucrativamente,1.6,
lucrou,-0.5,
profeta,0.8,
aproveitando,-0.6,
especuladores,0.5,
aproveite,0.7,
profiteroles,0.5,
lucrando,1.6,
sem lucro,-1.5,TERM
lucros,1.9,
de lucro,0.9,TERM
progresso,1.8,
proeminente,1.3,
promiscuidades,-0.8,
promiscuidade,-0.9,
promiscuo,-0.3,
promiscuamente,-1.5,
promessa,1.3,
prometido,1.5,
prometer,0.8,
promete,1.1,
promotor,1.3,
promissores,0.4,
promessas,1.6,
promissor,1.0,
de forma promissora,1.2,TERM
promissoria,0.9,
promover,1.6,
promovido,-0.2,
promove,1.4,
promovendo,-0.7,
propaganda,-1.0,
processar,-1.7,
processado,-1.6,
prossegue,-1.8,
processo,-2.2,
perspectiva,1.2,
perspectivas,1.2,
prospero,2.1,
proteger,1.6,
protegido,1.4,
protege,1.3,
protesto,-1.0,
protestou,-0.5,
manifestantes,-0.9,
protestando,-1.8,
protestos,-0.9,
orgulhoso,1.4,
mais orgulhoso,2.6,TERM
orgulhosamente,2.6,
provocar,-1.7,
provocou,-1.1,
provoca,-1.2,
provocando,-0.4,
pseudociencia,-1.2,
vomitar,-2.4,
vomitou,-1.8,
pukes,-1.9,
vomitando,-1.8,
pukka,2.8,
punir,-2.6,
punicoes,-1.8,
punicao,-2.2,
punivel,-1.9,
punido,-2.0,
justiceiro,-1.9,
justiceiros,-2.6,
castiga,-2.1,
punitivo,-2.3,
insistente,-1.1,
intrigado,-0.7,
tremendo,-1.5,
questionavel,-1.2,
questionado,-0.4,
questionando,-0.4,
racismo,-3.1,
racista,-3.0,
racistas,-2.5,
radiano,0.4,
resplandecer,1.4,
radiacoes,1.1,
radiancies,0.8,
radiacao,1.4,
radianos,0.2,
radiante,1.3,
radiants,1.2,
chuvoso,-0.3,
rancoso,-2.5,
ranco,-2.6,
rancos,-1.6,
rant,-1.4,
rancho,-1.2,
fazendeiros,-1.2,
rants,-1.3,
estupro,-3.7,
estuprada,-3.6,
raper,-3.4,
estupros,-3.5,
colza,-0.5,
violar,-2.2,
estuprador,-3.9,
estupradores,-3.3,
arrebatado,0.9,
esbocos,0.7,
arrebatador,1.7,
erupcao cutanea,-1.7,TERM
ratificado,0.6,
alcance,0.1,
atingiu,-1.0,
atinge,0.2,
alcancando,0.8,
prontidao,1.0,
pronto,1.5,
resseguro,1.5,
tranquilizar,0.3,
tranquilizado,-0.2,
tranquiliza,0.1,
tranquilizador,1.7,
tranquilizadoramente,1.8,
rebelde,-1.8,
rebelou-se,-1.0,
rebelando-se,-1.1,
rebeliao,-0.5,
rebelioes,-1.1,
rebeldia,-1.2,
rebeldes,-0.8,
recessao,-1.8,
imprudente,-1.7,
recomendo,1.5,
recomendado,0.8,
recomenda,0.9,
resgatados,1.3,
reek,-2.4,
apavorado,0.7,
reeker,-1.7,
reekers,-1.5,
reeking,-2.0,
recusar,-1.2,
recusou,-1.2,
recusando,-1.7,
arrepender,-1.8,
arrependido,-1.9,
arrependimento,-1.6,
arrependimentos,-1.5,
revigorando,1.7,
revigoracao,2.2,
rejeitado,-1.7,
rejeita,-2.2,
rejeicao,-1.8,
rejeitadores,-1.8,
rejeitando,-2.0,
rejeicoes,-2.1,
rejeitador,-1.8,
alegrar,1.9,
se alegrou,2.0,TERM
se alegra,2.1,TERM
relaxar,1.9,
relaxante,2.2,
relaxantes,1.4,
relaxamento,2.0,
relaxacoes,1.0,
relaxado,2.2,
relaxadamente,1.5,
relaxa,1.5,
relaxando,1.7,
relaxinas,1.2,
implacavel,0.2,
dependente,0.5,
alivio,1.5,
relevos,1.3,
realista,1.1,
analgesicos,1.0,
aliviando,1.5,
relievo,1.3,
saboreando,1.6,
relutancia,-1.6,
relutante,-1.0,
relutantemente,-0.4,
notavel,2.6,
remorso,-0.7,
com remorso,-0.7,TERM
sem remorsos,-2.3,TERM
sem remorso,-2.0,TERM
falta de remorso,-2.8,TERM
repetitivo,-1.0,
reprimir,-1.4,
reprimido,-1.3,
reprime,-1.3,
repreensivel,-1.5,
reprimindo,-1.8,
repressao,-1.6,
repressoes,-1.7,
repressivo,-1.4,
repressivamente,-1.7,
repressividade,-1.0,
repressor,-1.4,
repressores,-2.2,
repressurizar,-0.3,
repressurizado,0.1,
repressuriza,0.1,
repressurizando,-0.1,
repulsa,-2.8,
repelido,-2.2,
resgatar,2.3,
resgatado,1.8,
resgata,1.3,
ressentir,-1.2,
se ressentiu,-1.6,TERM
ressentimento,-1.9,
ressentido,-2.1,
ressentimentos,-1.9,
com ressentimento,-1.4,TERM
se ressente,-1.2,TERM
demitir-se,-1.4,
pedido de demissao,-1.2,TERM
demissoes,-1.2,
resignado,-1.0,
resignadamente,-0.7,
resignacao,-0.8,
renunciante,-1.2,
renunciantes,-1.0,
renunciando,-0.9,
renuncia,-1.3,
resoluto,1.1,
solucionavel,1.0,
resolver,0.8,
resolvido,1.1,
resolvente,0.7,
resolventes,0.4,
resolvedores,1.4,
resolve,1.1,
resolvendo,1.4,
respeito,1.3,
respeitabilidade,1.1,
respeitavel,0.7,
respeitado,2.1,
observando,2.1,
respeitadores,1.6,
respeitoso,2.0,
respeitosamente,1.7,
respeitando,2.2,
respectivo,1.8,
respectivamente,1.4,
respeita,1.3,
responsavel,1.3,
responsivo,1.5,
repousante,1.5,
sem descanso,-1.4,TERM
restaurar,1.2,
restaurado,1.4,
restaura,1.2,
restaurando,1.2,
restringir,-1.6,
restrito,-1.6,
restringindo,-1.6,
restricao,-1.1,
restringe,-1.3,
retida,0.1,
retardar,-2.4,
retardado,-2.7,
retiro,0.8,
vinganca,-2.2,
se vingaram,-0.9,TERM
vingativo,-1.4,
vingador,-2.1,
vingadores,-2.0,
vingancas,-1.9,
reverenciado,2.3,
reviver,1.4,
revive,1.6,
recompensa,2.7,
recompensavel,2.0,
recompensado,2.2,
recompensador,2.4,
recompensadores,1.9,
recompensas,2.1,
rico,1.5,
ricos,1.9,
muito ricos,0.8,TERM
mais rico,2.2,TERM
riquezas,2.1,
ricamente,2.0,
riqueza,2.4,
richweed,0.1,
richweeds,-0.1,
ridiculista,-1.6,
ridiculizadores,-1.6,
ridiculizando,-1.8,
equipamento,-0.5,
rigido,-0.5,
rigidez,-0.3,
rigidamente,-0.7,
rigida,-0.6,
rigoroso,-1.1,
rigorosamente,-0.4,
tumulto,-2.6,
risco,-1.6,
arriscou,-0.9,
mais arriscado,-1.5,TERM
de forma arriscada,-0.7,TERM
arriscando,-1.3,
sem risco,1.3,TERM
riscos,-1.1,
arriscado,-0.8,
roubar,-2.2,
ladrao,-1.4,
vestida,-0.7,
roubando,-2.7,
rouba,-2.3,
roflcopter,2.1,
romantizado,0.9,
romancista,1.3,
romancistas,1.7,
romances,1.3,
romanceando,2.0,
romantico,1.9,
romanticamente,1.8,
romantismo,2.1,
romanticas,1.3,
romanticos,1.9,
romanticia,1.5,
romanticias,2.0,
romantizar,1.8,
romantices,1.8,
romantizando,1.2,
podre,-2.3,
grosseiro,-2.0,
ruder,-2.1,
ruderal,-0.8,
ruderais,-0.4,
rudesby,-2.0,
mais rude,-2.5,TERM
ruina,-1.0,
arruinavel,-1.6,
arruinar,-2.8,
arruinado,-2.1,
arruina,-1.5,
arruinando,-1.0,
ruinas,-1.9,
arruinador,-2.0,
ruindo,-1.6,
ruinoso,-2.7,
ruinosa,-2.6,
sabotar,-2.4,
muito triste,-2.6,TERM
entristecido,-2.4,
desconsolo,-1.9,
mais triste,-3.0,TERM
seguro,1.9,
safecracker,-0.7,
safecrackers,-0.9,
safecracking,-0.9,
safecrackings,-0.7,
salvaguarda,1.1,
salvaguardado,1.5,
protecoes,1.4,
guarda,1.4,
luz de seguranca,1.1,TERM
luzes de seguranca,0.8,TERM
com seguranca,2.2,TERM
mais segura,1.8,TERM
cofres,0.4,
mais seguro,1.3,TERM
homem de seguranca,0.3,TERM
saliente,1.1,
vicoso,-1.0,
sarcasmo,-0.9,
sarcastico,-1.0,
sarcasticamente,-1.1,
satisfacao,1.5,
satisfacoes,2.1,
satisfatoriamente,1.6,
satisfatorio,2.0,
satisfazivel,1.9,
satisfaz,1.8,
de forma satisfatoria,1.9,TERM
selvagem,-2.0,
selvagemente,-2.2,
selvageria,-2.5,
selvagens,-2.4,
selvagerias,-1.9,
salve,2.2,
salvou,1.8,
golpe,-2.7,
golpes,-2.8,
escandalo,-1.9,
escandaloso,-2.4,
escandalos,-2.2,
bode expiatorio,-1.7,TERM
bodes expiatorios,-1.4,TERM
espantalho,-0.8,
espantalhos,-0.7,
assustada,-1.9,
alarmista,-2.1,
scaremongers,-2.0,
assustadores,-1.3,
scarey,-1.7,
assustando,-1.9,
cetico,-0.9,
ceptico,-1.3,
ceticismo,-1.0,
ceticos,-0.4,
repreender,-1.7,
colher,0.6,
grito,-1.7,
gritou,-1.3,
gritos,-1.2,
parafuso,-0.6,
screwball,-0.2,
bolas de parafusos,-0.3,TERM
screwbean,0.3,
chave de fenda,0.3,TERM
chaves de fenda,0.1,TERM
parafusado,-2.2,
guincho,-1.2,
grilhoes,-0.5,
mais maluco,-2.0,TERM
vilao,-2.7,
aparafusando,-0.9,
semelhante a um parafuso,0.1,TERM
parafusos,-1.0,
estragar,-1.0,
salpicaduras,-0.1,
viciado,-1.4,
scrumptiously,1.5,
de forma segura,1.4,TERM
seguradoras,0.6,
segurando,1.3,
titulos,1.2,
deixar seguro,0.2,TERM
securitizacao,0.7,
tornar seguro,0.3,TERM
securitizar,1.6,
sedicao,-1.8,
sedicioso,-1.7,
seduzido,-1.5,
autoconfiante,2.5,
frase,0.3,
sentenciado,-0.1,
frases,0.2,
sentenca,-0.6,
sentimental,1.3,
sentimentalizar,1.2,
sentimentalizado,1.1,
sentimentalizando,0.4,
sentimentalismo,0.8,
sentimentalismos,0.4,
sentimentalista,0.8,
sentimentalistas,0.7,
sentimentalidades,0.9,
sentimentaliza,1.1,
sentimentalmente,1.9,
sereno,2.0,
a serio,-0.7,TERM
cortado,-0.9,
severidade,-1.0,
sexy,2.4,
mexe,-0.7,
agitavel,-0.3,
shakedown,-1.2,
shakedowns,-1.4,
abalada,-0.3,
shakeouts,-0.8,
tremura,-0.6,
tremuras,-0.5,
mais tremula,-0.9,TERM
mais agitado,-1.2,TERM
tremor,-0.7,
instavel,-1.5,
vergonha,-1.7,
vergonhoso,-2.2,
vergonhosamente,-1.9,
vergonhas,-2.3,
desavergonhado,-1.4,
descaradamente,-1.4,
compartilhar,1.2,
compartilhado,1.4,
compartilha,1.2,
compartilhando,1.8,
quebrado,-2.1,
merda,-2.6,
shitake,-0.3,
shitakes,-1.1,
cabeca de merda,-3.1,TERM
shitheads,-2.6,
shittah,0.1,
cagado,-1.7,
shittier,-2.1,
mais fofa,-3.4,TERM
shittim,-0.6,
shittimwood,-0.3,
cagando,-1.8,
choque,-1.1,
chocante,-1.7,
chocantemente,-0.7,
a prova de choque,1.3,TERM
choques,-1.6,
sacudiu,-0.4,
atirar,-1.4,
miope,-1.2,
miopia,-1.1,
muscaria,-0.9,
shyer,-0.8,
shying,-0.9,
shylock,-2.1,
shylocked,-0.7,
shylocking,-1.5,
shylocks,-1.4,
timidamente,-0.7,
timidez,-1.0,
shyster,-1.6,
shysters,-0.9,
doente,-2.3,
adoecer,-1.9,
espetaculo,-2.2,
esfregadores,-2.2,
doentio,-2.1,
doentes,-2.0,
suspiro,0.1,
significado,1.1,
silenciamento,-0.5,
sillibub,-0.1,
sillier,1.0,
sillies,0.8,
sillimanite,0.1,
sillimanites,0.2,
enguias,-1.2,
boba,0.1,
pecado,-2.6,
atenciosamente,2.1,
sinceridade,2.0,
mais sincero,2.0,TERM
sinceridades,1.5,
pecaminoso,-2.6,
singleminded,1.2,
pecados,-2.0,
com ceptica,-1.2,TERM
cepticismos,-1.2,
golpear,-1.1,
barras,-0.8,
cortando,-1.1,
escravidao,-2.0,
insonia,-1.6,
mais liso,0.3,TERM
lerdo,-1.7,
puta,-2.3,
putas,-3.0,
mais sluttier,-2.7,TERM
mais excitante,-3.1,TERM
sluttish,-2.2,
sluttishly,-2.1,
sensualidade,-2.5,
espertinho,-2.1,
smartasses,-1.7,
aperfeicoar,1.9,
aperfeicoadores,1.5,
sabios,1.7,
ficando esperto,-0.7,TERM
espertamente,1.5,
esperteza,2.0,
sabedoria,1.9,
smartweed,0.2,
smartweeds,0.1,
sabio,1.1,
esfregaco,-1.5,
smilax,0.6,
smilaxes,0.3,
sem brincadeira,-1.4,TERM
risonho,1.7,
sorridentes,1.5,
sorridente,2.0,
poluicao atmosferica,-1.2,TERM
sufocante,-1.1,
presuncoso,0.8,
se achando,-1.0,TERM
invadir,-1.5,
contrabandear,-1.6,
contrabandeado,-1.5,
contrabandista,-2.1,
contrabandistas,-1.4,
contrabando,-2.1,
presuncosamente,0.2,
presuncao,-1.4,
presuncosos,-1.7,
sorrateiro,-0.9,
esnobe,-1.7,
esnobismo,-1.0,
esnobador,-0.7,
mais esnobe,-0.5,TERM
esbugalamente,-1.6,
enobar,-1.2,
esnobismos,-0.3,
se acha,-1.4,TERM
snubs,-2.1,
soluco,-2.8,
solucou,-1.9,
sobrio,-0.8,
solucos,-2.5,
sociabilidades,1.2,
sociabilidade,1.5,
sociavel,1.6,
sok,1.3,
solene,-0.3,
solenei,-0.5,
solemnis,-0.5,
solenizar,0.6,
solenizante,0.1,
solenidades,0.3,
solenidade,-1.1,
cerimonia,0.7,
solenizado,-0.7,
solenizando,-0.6,
solenemente,0.8,
solido,0.6,
solidariedade,1.2,
solucao,1.3,
solucoes,0.7,
acalmar,1.5,
acalmou,0.5,
sofisticado,2.6,
dorido,-1.5,
sofredor,-2.0,
com tristeza,-2.3,TERM
desafortunado,-2.5,
desafortunadamente,-1.7,
tristezas,-1.6,
alma gemea,2.9,TERM
spam,-1.5,
spammer,-2.2,
spammers,-1.6,
fazendo spam,-2.1,TERM
faisca,0.9,
brilha,1.3,
espumante,1.2,
especial,1.7,
especulativo,0.4,
espirito,0.7,
espirituoso,1.3,
sem espirito,-1.3,TERM
apesar de,-2.4,TERM
escupiu,-2.4,
rancoroso,-1.9,
rancor,-1.5,
rancoras,-2.3,
spites,-1.4,
esplendido,2.2,
esplendidamente,2.1,
esplendor,2.2,
esplendores,2.0,
vivamente,2.0,
squelched,-1.0,
facada,-2.8,
esfaqueado,-1.9,
estavel,1.2,
facadas,-1.9,
tenda,-0.8,
parado,-0.9,
estancando,-0.8,
gaguejar,-1.0,
balbuciou,-0.9,
gago,-1.0,
stammerers,-0.8,
balbuciando,-1.0,
grampeadores,-0.8,
debandada,-1.8,
de sobressalto,-1.3,TERM
arranque,-0.5,
assustas,0.2,
startler,-0.8,
startlers,-0.5,
morrer de fome,-1.9,TERM
morrendo de fome,-1.8,TERM
firme,1.0,
ladroes,-2.3,
roubos,-1.9,
furtividade,-0.3,
mais furtivo,0.4,TERM
furtivamente,0.1,
sigilo,0.2,
furtos,-0.3,
furtivo,-0.1,
fedor,-1.7,
stenches,-1.5,
aguilhado,-2.4,
cheiro,-2.3,
estereotipo,-1.3,
estereotipado,-1.2,
estimular,0.9,
estimulado,0.9,
estimula,1.0,
estimulando,1.9,
maritacaca,-2.3,
fedoras,-1.0,
percevejo,-0.2,
insetos fedorentos,-1.0,TERM
fedorento,-0.4,
stinkers,-1.2,
stinkhorn,-0.2,
stinkhorns,-0.8,
mais fedido,-2.1,TERM
stinko,-1.5,
stinkpot,-2.5,
stinkpots,-0.7,
cheira mal,-1.0,TERM
stinkwood,-0.1,
fedido,-1.5,
roubado,-2.2,
pare,-1.2,
parando,-0.6,
para,-0.6,
forte,-0.5,
direto,0.9,
tensao,-1.3,
tenso,-1.6,
filtro,-0.8,
filtros,-0.3,
esforcando-se,-1.3,
tensoes,-1.7,
estrangulado,-2.5,
forca,2.2,
fortalecer,1.3,
fortalecido,1.8,
fortalecedor,1.8,
reforcadores,1.4,
fortalecendo,2.2,
fortalece,2.0,
forcas,1.7,
estresse,-1.8,
estressado,-1.4,
enfatiza,-2.0,
estressante,-2.3,
estressantemente,-2.6,
estressando,-1.5,
sem stress,1.6,TERM
falta de estresse,1.6,TERM
estressor,-1.8,
estressadores,-2.1,
acometido,-2.3,
greve,-0.5,
grevistas,-0.6,
greves,-1.5,
caixa forte,0.7,TERM
caixas fortes,0.3,TERM
fortaleza,0.5,
baluartes,1.0,
fortemente,1.1,INCR
homem forte,0.7,TERM
homens fortes,0.5,TERM
strongil,0.6,
strongyles,0.2,
strongyloidosis,-0.8,
strongyls,0.1,
teimoso,-1.7,
stubborner,-1.5,
mais persistente,-0.6,TERM
teimosamente,-1.4,
teimosia,-1.5,
agarrado,-1.6,
atordoa,0.1,
estupido,-2.4,
mais impressionante,-2.5,TERM
mais estupido,-2.4,TERM
estupidezas,-2.0,
estupidez,-1.7,
estupidamente,-2.0,
estupidos,-2.3,
gaguejou,-0.9,
gagueiras,-1.1,
engasgando,-1.3,
suave,2.0,
submisso,-1.3,
submissamente,-1.0,
submissao,-0.7,
substancial,0.8,
subversivo,-0.9,
ter sucesso,2.2,TERM
conseguiu,1.8,
sucessor,0.9,
sucessores,1.1,
sucedendo,2.2,
sucede,2.2,
sucesso,2.7,
sucessos,2.6,
bem sucedido,2.8,TERM
com exito,2.2,TERM
sucessao,0.8,
sucessional,0.9,
sucessivamente,0.9,
sucessoes,0.1,
sucessivas,1.1,
sucessividade,1.0,
chupar,-1.9,
sugado,-2.0,
otario,-2.4,
avacalhado,-2.0,
sugando,-2.1,
otarios,-2.3,
uma merda,-1.5,TERM
nao presta,-1.9,TERM
sofra,-2.5,
sofreu,-2.2,
sofredores,-2.4,
sofrimento,-2.1,
suicida,-3.5,
suicidio,-3.5,
processando,-1.1,
mais ensolarado,2.4,TERM
ensolarado,1.8,
brilho do sol,2.2,TERM
sol brilhante,1.9,TERM
super,2.9,
superior,2.5,
superioridades,0.8,
superioridade,1.4,
superiormente,2.2,
superiores,1.0,
"apoio, suporte",1.7,TERM
apoiador,1.1,
apoiantes,1.9,
apoiando,1.9,
de suporte,1.2,TERM
apoia,1.5,
supremacias,0.8,
supremacista,0.5,
supremacistas,-1.0,
supremacia,2.3,
suprematistas,0.4,
supremo,1.3,
supremamente,2.7,
mais supremo,2.2,TERM
seguramente,1.6,
surefootedness,1.5,
sujeicao,-0.1,
suretyships,0.4,
surpresa,1.1,
surpreso,0.9,
surpresas,0.9,
sobreviveu,2.3,
sobrevivendo,1.2,
sobrevivente,1.5,
suspeito,-1.5,
suspeitava,-0.9,
suspeitando,-0.7,
suspeita,-1.6,
suspender,-1.3,
suspenso,-2.1,
suspeitas,-1.5,
jurar,-0.2,
jurando,-1.0,
jura,0.2,
doce,2.0,
gracinha,3.0,
amada,3.3,
bonecos,2.1,
docemente,2.1,
docura,2.2,
doces,2.2,
rapidamente,1.2,
escavacao,-2.4,
escavacoes,-1.5,
talento,1.8,
talentoso,2.3,
sem talento,-1.6,TERM
talentos,2.0,
birra,-1.8,
birras,-1.5,
tard,-2.5,
lagrimas,-1.9,
chas,0.3,
provocacao,-1.3,
provocado,-0.8,
carda,-0.1,
cardador,-0.8,
teaselers,-1.2,
teaseling,-0.4,
teaselled,-0.4,
teasels,-0.1,
provocador,-1.0,
provocacoes,-0.7,
teashops,0.2,
colher de cha,0.3,TERM
colheres de cha,0.5,TERM
temperamento,-1.8,
temperamentos,-1.3,
oferecido,0.5,
proponente,0.6,
proponentes,1.2,
mais terno,1.4,TERM
terno firme,-0.1,TERM
ternos,-0.5,
doutrinario,1.5,
ternamente,1.8,
ternura,0.9,
concurso,0.6,
amolecimento,0.2,
amaciar,0.1,
amolecido,0.1,
austerador,0.4,
se amolece,0.3,TERM
tateando,0.3,
lombo,0.4,
sensivel,0.2,
teares,0.2,
propostas,0.6,
tensamente,-1.2,
mais tenso,-1.2,TERM
tempos,-0.9,
muito tenso,-1.0,TERM
tensional,-0.8,
tensionado,-0.4,
tensor,-1.6,
tensores,-0.9,
tensionando,-1.4,
sem tensao,0.6,TERM
temeridade,-1.9,
formidavel,2.1,
aterrorizado,-3.1,
aterroriza,-3.1,
aterrorizar,-3.3,
aterrorizante,-2.7,
terror,-2.4,
aterrorizando,-3.0,
terrorismo,-3.6,
terrorismos,-3.2,
terrorista,-3.3,
terroristas,-3.1,
aterrorizacao,-2.7,
sem terror,0.9,TERM
terrores,-2.6,
agradecido,1.9,
mais agradecido,2.0,TERM
agradecidamente,1.8,
agradecimento,2.1,
ladraozinho,-2.2,
ladroagem,-2.1,
roubo,-2.0,
consideracao,1.9,
irrefletido,-2.0,
ameacar,-1.6,
ameacou,-2.0,
ameacas,-1.8,
ameacador,-2.0,
ameacadoramente,-2.2,
emocao,1.5,
emocionados,1.9,
thriller,0.4,
thrillers,0.1,
frustrando,-0.7,
marcado,-1.8,
encabulado,-1.0,
mais timido,-0.9,TERM
muito timido,-0.8,TERM
tetas,-0.9,
tolerancia,1.2,
tolerancias,0.3,
tolerante,1.1,
tolerantemente,0.4,
desdentado,-1.4,
topo,0.8,
tops,2.3,
rasgado,-1.0,
tortura,-2.9,
torturado,-2.6,
torturador,-2.3,
torturadores,-3.5,
torturas,-2.5,
torturando,-3.0,
torturante,-2.7,
torturantemente,-2.2,
totalitario,-2.1,
totalitarismo,-2.7,
resistente,-0.5,
toughed,0.7,
endurecer,0.9,
temperado,0.1,
endurece,-0.2,
pirracento,-0.7,
birrento,-0.6,
duradoura,-0.5,
dureza,-0.2,
durezas,0.3,
dificeis,-0.8,
tout,-0.5,
vendedores,-0.1,
tragedia,-3.4,
tragica,-0.4,
tragediennes,-1.4,
tragedias,-1.9,
tragico,-2.0,
tragicamente,-2.7,
tragicomedia,0.2,
tragicomico,-0.2,
tragicos,-2.2,
tranquilo,0.2,
trantier,1.9,
tranquilidades,1.5,
tranquilidade,1.5,
tranquilizante,0.8,
tranquilizantes,-0.2,
tranquilamente,1.2,
armadilha,-1.3,
trauma,-1.8,
traumas,-2.2,
traumata,-1.7,
traumatico,-2.7,
traumatizamente,-2.8,
traumatizante,-2.8,
traumatizado,-1.7,
traumatizantes,-2.2,
traumatizando,-2.3,
traumatismo,-2.4,
traumatizacao,-3.0,
traumatizacoes,-2.2,
traumatizar,-2.4,
traumatizes,-1.4,
traidoras,-2.7,
tesouro,2.1,
tesoureiro,0.4,
tesoureiros,0.4,
tesouraria,0.8,
tesouros,0.9,
tratar,1.7,
tremer,-1.1,
tremeu,-1.1,
tremores,-1.0,
treme,-0.1,
trembly,-1.2,
tremulo,-1.0,
truque,-0.2,
tricker,-0.9,
trickers,-1.4,
trickie,-0.4,
mais complicado,-1.2,TERM
trickiness,-1.2,
complicado,-0.6,
trickled,0.1,
trickledown,-0.7,
trickles,0.2,
escorrendo,-0.2,
trickly,-0.3,
tricksier,-0.5,
trickster,-0.9,
trapaceiros,-1.3,
tricksy,-0.8,
banal,-0.8,
triunfo,2.1,
triunfal,2.0,
triunfalismos,1.9,
triunfalista,0.5,
triunfalistas,0.9,
triunfante,2.4,
triunfantemente,2.3,
triunfou,2.2,
triunfando,2.3,
triunfa,2.0,
trivial,-0.1,
trivialize,-1.1,
trivializado,-0.6,
trivializa,-1.0,
trivializando,-0.6,
trivialidades,-1.0,
trivialidade,-0.5,
trivializacao,-0.9,
trivializacoes,-0.7,
trivialmente,0.4,
trivium,-0.3,
com problemas,-2.1,TERM
encrenqueiro,-2.0,
encrenqueiros,-2.2,
causador de problemas,-1.4,TERM
solucionar problemas,0.5,TERM
solucionador de problemas,1.0,TERM
solucionadores de problemas,0.8,TERM
solucao de problemas,0.7,TERM
de forma problematica,-1.8,TERM
problematica,-1.9,
preocupante,-1.4,
atormentador,-2.1,
veracidade,1.7,
mais verdadeiro,1.9,TERM
verdadeiramente,1.9,
confiar,2.3,
confiabilidade,1.8,
confiavel,2.6,
trustbuster,-0.5,
administrador,1.0,
curadores,0.3,
trusteeship,0.5,
trusteeships,0.6,
fiavel,1.9,
confiadores,1.0,
mais confiavel,2.2,TERM
para confiar,1.6,TERM
sem confianca,-2.3,TERM
passa confianca,0.4,TERM
confrades,1.2,
confia,2.1,
verdade,1.3,
verdadeira,2.0,
verdades,1.8,
tumor,-1.6,
turbulencia,-1.5,
twat,-3.4,
ugh,-1.8,
mais feio,-2.2,TERM
feiosos,-2.0,
mais feia,-2.8,TERM
enfeiar,-2.1,
enfeiado,-1.5,
enfeiamentos,-1.8,
enfeiando,-2.2,
muito feio,-2.1,TERM
feiura,-2.7,
falta de beleza,-2.5,TERM
feio,-2.3,
inaceitavel,-2.0,
nao apreciado,-1.7,TERM
desaprovado,-1.4,
pouco atraente,-1.9,TERM
inconsciente,-0.8,
inacreditavel,0.8,
incredulo,-0.8,
imparcial,-0.1,
incerto,-1.4,
incerteza,-1.4,
incertezas,-1.4,
nao esta claro,-1.0,TERM
inconfortavelmente,-1.7,
descompactando,-0.9,
nao confirmado,-0.5,TERM
incontrolavel,-1.5,
incontrolavelmente,-1.5,
nao convencido,-1.6,TERM
nao credenciado,-1.0,TERM
subestimar,-1.2,
subestimado,-1.1,
subestima,-1.1,
minar,-1.2,
minado,-1.5,
mina,-1.4,
minando,-1.5,
nao merecedor,-1.9,TERM
indesejavel,-1.7,
unasiest,-2.1,
desemprego,-1.9,
desigual,-1.4,
inigualavel,0.5,
antietico,-2.3,
injusto,-2.3,
desfocado,-1.7,
infelizes,-1.9,
nao cumprido,-1.8,TERM
ingrato,-1.6,
mais infeliz,-2.5,TERM
infelicidade,-2.4,
infelicidades,-2.2,
pouco saudavel,-2.4,TERM
unificado,1.6,
sem importancia,-1.3,TERM
nao impressionado,-1.4,TERM
nao impressionante,-1.4,TERM
ininteligente,-2.0,
nao envolvido,-2.2,TERM
inabalavel,-2.0,
unidos,1.8,
descortes,-1.6,
nao amavel,-2.7,TERM
mal amada,-1.9,TERM
mal amado,-1.9,TERM
mais lindos,-1.9,TERM
unloveliness,-2.0,
nao amor,-2.3,TERM
incomparavel,-0.3,
desmotivado,-1.4,
antipatico,-2.1,
nao profissional,-2.3,TERM
desprotegido,-1.5,
inesperado,-1.1,
sem garantia,-1.6,TERM
inesgotavel,-1.3,
pouco sofisticado,-1.2,TERM
imparavel,-0.8,
mal sucedido,-1.5,TERM
sem sucesso,-1.7,TERM
nao suportado,-1.7,TERM
com dificuldade,-1.3,TERM
intacto,1.6,
indesejados,-0.9,
indigno,-2.0,
perturbacoes,-1.5,
upsetter,-1.9,
suavidade,-1.2,
urgente,0.8,
utilidade,1.2,
sem utilidade,-1.8,TERM
inutilmente,-1.5,
inutilidade,-1.6,
v.v,-2.9,
vago,-0.4,
vao,-1.8,
validar,1.5,
validado,0.9,
valida,1.4,
validando,1.4,
valioso,2.1,
valoridade,1.7,
objetos de valor,2.1,TERM
de valor,2.3,TERM
valor,1.4,
valores,1.7,
valorizando,1.4,
vaidade,-0.9,
veredito,0.6,
veredictos,0.3,
investido,0.6,
vexacao,-1.9,
vibrante,2.4,
vicioso,-1.5,
viciosamente,-1.3,
muito vicioso,-2.4,TERM
viciosidades,-0.6,
vitima,-1.8,
vitimizacao,-2.3,
vitimizar,-2.5,
vitimiza,-1.5,
vitimando,-2.6,
vitimizacoes,-0.6,
vitimizador,-1.8,
vitimadores,-1.6,
sem vicios,0.6,TERM
vitimista,-0.5,
vitimistas,-0.4,
vitimologia,0.3,
vitimas,-1.3,
vigilancia,0.7,
vigor,0.9,
vigorizar,-0.4,
vigoriza,0.4,
vigoroso,1.5,
vigorosamente,0.5,
vigorosa,0.4,
vigores,1.0,
vigours,0.4,
vil,-3.1,
viloes,-3.4,
vilania,-2.6,
vindicar,0.3,
vindicado,1.8,
vindica,1.6,
vindicando,-1.1,
violado,-2.4,
violador,-2.4,
violadores,-1.9,
viola,-2.3,
violando,-2.5,
violacoes,-2.4,
infrator,-2.4,
violencia,-3.1,
violento,-2.9,
violentamente,-2.8,
virtude,1.8,
sem virtude,-1.4,TERM
virtudes,1.5,
virtuosa,1.7,
virtuosas,1.8,
virtuose,1.0,
virtuosi,0.9,
virtuoso,2.4,
virtuosismo,2.1,
virtuosos,1.8,
virtuosamente,1.8,
virtuosidade,2.0,
virulento,-2.7,
visao,1.1,
visionario,2.4,
visoes,0.9,
vital,1.2,
vitalizar,1.6,
vitalizado,1.5,
vitaliza,1.4,
vitalizando,1.3,
vitalismo,0.2,
vitalista,0.3,
vitalistas,0.3,
vitalidades,1.2,
vitalidade,1.3,
vitalizacao,1.6,
vitalizacoes,0.8,
vitalmente,1.1,
sinais vitais,1.1,TERM
vitamina,1.2,
vitriolico,-2.1,
vivaz,1.8,
vociferante,-0.8,
vulnerabilidades,-0.6,
vulnerabilidade,-1.1,
vulneravel,-1.2,
abutre,-2.0,
abutres,-1.3,
w00t,2.2,
ir embora,-1.3,TERM
travessias,-0.7,
wanker,-2.5,
quer,0.3,
guerra,-2.4,
warfares,-1.8,
caloroso,1.8,
de sangue quente,0.2,TERM
aquecido,1.1,
mais quente,1.7,TERM
aquecedores,1.0,
calor caloroso,2.7,TERM
aquecimento,0.6,
warmish,1.4,
calorosamente,1.7,
calor,2.0,
belicista,-2.9,
belicismo,-2.5,
belicosiros,-2.8,
warmouth,0.4,
warmouths,-0.8,
aquece,1.1,
aquecer,0.4,
esquenta,0.8,
advertir,-0.4,
avisou,-1.1,
atencao,-1.4,
avisos,-1.2,
adverte,-0.4,
em guerra,-1.9,TERM
guerras,-2.6,
varsovia,-0.1,
varrases,-0.2,
warstle,0.1,
desperdicio,-1.8,
desperdicado,-2.2,
desperdicando,-1.7,
vacilante,-0.6,
enfraquecer,-1.5,
enfraquecido,-2.1,
debilitador,-1.6,
debilitadores,-1.3,
enfraquecimento,-1.3,
enfraquece,-1.3,
fraqueza,-1.8,
mais fraco,-2.3,TERM
pescoco,-0.2,
peixe fraco,-0.6,TERM
coracao fraco,-1.6,TERM
fracos,-1.4,
fracamente,-1.8,DECR
fraquezas,-1.5,
lado fraco,-1.1,TERM
arma,-1.2,
armado,-1.4,
desarmado,0.1,
armamento,-0.9,
armas,-1.9,
weeper,-1.9,
weepers,-1.1,
weepie,-0.4,
mais chorado,-1.8,TERM
weepies,-1.6,
weepiest,-2.4,
weepy,-1.3,
esquisito,-0.7,
muito estranho,-0.5,TERM
mais estranho,-0.9,TERM
estranhice,-1.3,
estranhices,-1.0,
estranheza,-0.7,
bizonho,-1.8,
esquisitisses,-1.3,
bizonhos,-1.1,
esquisitos,-0.6,
esquisitisse,-0.9,
bem vinda,2.0,TERM
bem vindo,1.4,TERM
bem-vindo,0.2,
anfitriao,1.4,
anfitrioes,1.9,
sauda,1.7,
acolhedor,1.9,
bem-dia,0.3,
bem-nascido,1.8,
welldoer,2.5,
welldoers,1.6,
brotado,0.4,
boa cabeca,0.1,TERM
cabecas de poco,0.5,TERM
poco de poco,-0.1,TERM
wellies,0.4,
bem estar,1.9,TERM
pocos,1.0,
local do poco,0.5,TERM
fonte,1.5,
colmeias,1.4,
caprichoso,0.3,
lamentar,-1.5,
chorao,-1.2,
geme,-1.8,
whiney,-1.3,
cal,0.1,
prostituta,-2.8,
prostituicao,-2.1,
prostituicoes,-2.4,
bordel,-1.1,
bairros,-1.9,
whoremaster,-1.9,
whoremasters,-1.5,
whoremonger,-2.6,
whoreson,-2.2,
whoresons,-2.5,
wickeder,-2.2,
mais perverso,-2.9,TERM
malicia,-2.1,
malicias,-2.2,
viuva,-2.1,
disposicao,1.1,
ganhar,2.8,
possivel de vencer,1.8,TERM
venceu,1.8,
vencedora,2.8,
vencido,2.4,
de forma vencedora,2.3,TERM
ganha,2.7,
sensato,2.1,
falou,-0.5,
sabendo,-0.6,
caras espertos,0.3,TERM
super inteligente,1.6,TERM
sabiamente,1.8,
pedante,-1.0,
pedantes,-1.4,
iluminados,1.3,
mais sabio,2.1,TERM
mulheres inteligentes,1.3,TERM
desejos,0.6,
desejando,0.9,
bruxa,-1.5,
retirada,0.1,
ai,-1.8,
woebegone,-2.6,
woebegoneness,-1.1,
tristeza,-2.1,
aflicoes,-1.9,
woesome,-1.2,
maravilhosamente,2.9,
maravilhosa,2.9,
woo,2.1,
woohoo,2.3,
woot,1.8,
desgastado,-1.2,
preocupado,-1.8,
preocupadamente,-2.0,
preocupacao,-1.5,
preocupacoes,-1.9,
preocupantemente,-2.0,
worrit,-2.1,
worrits,-1.2,
piorar,-2.3,
piorou,-1.9,
piora,-2.1,
worser,-2.0,
adorador,1.0,
adoradores,0.9,
adoradamente,1.1,
desanimo,-0.6,
adorando,1.6,
pior,-3.1,
digno,1.9,
uau,2.8,
maravilhado,2.6,
waving,2.5,
wows,2.0,
wowser,-1.1,
wowsers,1.0,
irritado,-2.7,
detone,-1.9,
errado,-2.1,
injusticado,-1.9,
yay,2.4,
sim,1.2,
yeees,1.7,
jovem,1.3,
asqueroso,-1.8,
gostoso,2.4,
fanatico,-1.9,
zelotes,-0.8,
zeloso,0.5,
$:,-1.5,
%),-0.4,
%-),-1.5,
&-:,-0.4,
&:,-0.7,
( '}{' ),1.6,TERM
(%,-0.9,
('-:,2.2,
(':,2.3,
((-:,2.1,
(*,1.1,
(-%,-0.7,
(-*,1.3,
(-:,1.6,
(-:0,2.8,
(-:<,-0.4,
(-:o,1.5,
(-:O,1.5,
(-:{,-0.1,
(-:|>*,1.9,
(-;,1.3,
(-;|,2.1,
(8,2.6,
(:,2.2,
(:0,2.4,
(:<,-0.2,
(:o,2.5,
(:O,2.5,
(;,1.1,
(;<,0.3,
(=,2.2,
(?:,2.1,
(^:,1.5,
(^;,1.5,
(^;0,2.0,
(^;o,1.9,
(o:,1.6,
)':,-2.0,
)-':,-2.1,
)-:,-2.1,
)-:<,-2.2,
)-:{,-2.1,
):,-1.8,
):<,-1.9,
):{,-2.3,
);<,-2.6,
*),0.6,
*-),0.3,
*-:,2.1,
*-;,2.4,
*:,1.9,
*<|:-),1.6,
*\0/*,2.3,
*^:,1.6,
",-:",1.2,
---'-;-{@,2.3,
--<--<@,2.2,
.-:,-1.2,
..###-:,-1.7,
..###:,-1.9,
/-:,-1.3,
/:,-1.3,
/:<,-1.4,
/=,-0.9,
/^:,-1.0,
/o:,-1.4,
0-8,0.1,
0-|,-1.2,
0:),1.9,
0:-),1.4,
0:-3,1.5,
0:03,1.9,
0;^),1.6,
0_o,-0.3,
10q,2.1,
1337,2.1,
143,3.2,
1432,2.6,
14aa41,2.4,
182,-2.9,
187,-3.1,
2g2b4g,2.8,
2g2bt,-0.1,
2qt,2.1,
3:(,-2.2,
3:),0.5,
3:-(,-2.3,
3:-),-1.4,
4col,-2.2,
4q,-3.1,
5fs,1.5,
8),1.9,
8-d,1.7,
8-o,-0.3,
86,-1.6,
8d,2.9,
:###..,-2.4,
:$,-0.2,
:&,-0.6,
:'(,-2.2,
:'),2.3,
:'-(,-2.4,
:'-),2.7,
:(,-1.9,
:),2.0,
:*,2.5,
:-###..,-2.5,
:-&,-0.5,
:-(,-1.5,
:-),1.3,
:-)),2.8,
:-*,1.7,
":-,",1.1,
:-.,-0.9,
:-/,-1.2,
:-<,-1.5,
:-d,2.3,
:-D,2.3,
:-o,0.1,
:-p,1.5,
:-[,-1.6,
:-\,-0.9,
:-c,-1.3,
:-|,-0.7,
:-||,-2.5,
:-,0.9,
:/,-1.4,
:3,2.3,
:<,-2.1,
:>,2.1,
:?),1.3,
:?c,-1.6,
:@,-2.5,
:d,2.3,
:D,2.3,
:l,-1.7,
:o,-0.4,
:p,1.0,
:s,-1.2,
:[,-2.0,
:\,-1.3,
:],2.2,
:^),2.1,
:^*,2.6,
:^/,-1.2,
:^\,-1.0,
:^|,-1.0,
:c,-2.1,
:c),2.0,
:o),2.1,
:o/,-1.4,
:o\,-1.1,
:o|,-0.6,
:P,1.4,
:{,-1.9,
:|,-0.4,
:},2.1,
:,1.1,
;),0.9,
;-),1.0,
;-*,2.2,
;-],0.7,
;d,0.8,
;D,0.8,
;],0.6,
;^),1.4,
</3,-3.0,
<3,1.9,
<:,2.1,
<:-|,-1.4,
=),2.2,
=-3,2.0,
=-d,2.4,
=-D,2.4,
=/,-1.4,
=3,2.1,
=d,2.3,
=D,2.3,
=l,-1.2,
=\,-1.2,
=],1.6,
=p,1.3,
=|,-0.8,
>-:,-2.0,
>.<,-1.3,
>:,-2.1,
>:(,-2.7,
>:),0.4,
>:-(,-2.7,
>:-),-0.4,
>:/,-1.6,
>:o,-1.2,
>:p,1.0,
>:[,-2.1,
>:\,-1.7,
>;(,-2.9,
>;),0.1,
>_>^,2.1,
@:,-2.1,
@>-->--,2.1,
@}-;-'---,2.2,
aas,2.5,
aayf,2.7,
afu,-2.9,
alol,2.8,
ambw,2.9,
aml,3.4,
atab,-1.9,
awol,-1.3,
ayc,0.2,
ayor,-1.2,
aug-00,0.3,
bfd,-2.7,
bfe,-2.6,
bff,2.9,
bffn,1.0,
bl,2.3,
bsod,-2.2,
btd,-2.1,
btdt,-0.1,
bz,0.4,
b^d,2.6,
cwot,-2.3,
d-':,-2.5,
d8,-3.2,
d:<,-3.2,
d;,-2.9,
doa,-2.3,
dx,-3.0,
ez,1.5,
fcol,-1.8,
ff,1.8,
ffs,-2.8,
fkm,-2.4,
foaf,1.8,
ftw,2.0,
fu,-3.7,
fubar,-3.0,
fwb,2.5,
fyi,0.8,
fysa,0.4,
g1,1.4,
gg,1.2,
gga,1.7,
gigo,-0.6,
gj,2.0,
gl,1.3,
gla,2.5,
gn,1.2,
gr8,2.7,
grrr,-0.4,
gt,1.1,
h&k,2.3,
hagd,2.2,
hagn,2.2,
hago,1.2,
hak,1.9,
hand,2.2,
hho1/2k,1.4,
hhoj,2.0,
hhok,0.9,
hugz,2.0,
hi5,1.9,
idk,-0.4,
ijs,0.7,
ilu,3.4,
iluaaf,2.7,
ily,3.4,
ily2,2.6,
iou,0.7,
iyq,2.3,
j/j,2.0,
j/k,1.6,
j/p,1.4,
j/t,-0.2,
j/w,1.0,
j4f,1.4,
j4g,1.7,
jho,0.8,
jhomf,1.0,
jj,1.0,
jk,0.9,
jp,0.8,
jt,0.9,
jw,1.6,
jealz,-1.2,
k4y,2.3,
kfy,2.3,
kia,-3.2,
kk,1.5,
kmuf,2.2,
l,2.0,
l&r,2.2,
laoj,1.3,
lmbao,1.8,
lmfao,2.5,
lmso,2.7,
lolz,2.7,
lts,1.6,
ly,2.6,
ly4e,2.7,
lya,3.3,
lyb,3.0,
lyl,3.1,
lylab,2.7,
lylas,2.6,
lylb,1.6,
m8,1.4,
mia,-1.2,
mml,2.0,
mofo,-2.4,
mubar,-1.0,
musm,0.9,
mwah,2.5,
n1,1.9,
nbd,1.3,
nbif,-0.5,
nfc,-2.7,
nfw,-2.4,
nh,2.2,
nimby,-0.8,
nimjd,-0.7,
nimq,-0.2,
nimy,-1.4,
nitl,-1.5,
nme,-2.1,
noyb,-0.7,
np,1.4,
ntmu,1.4,
o-8,-0.5,
o-:,-0.3,
o-|,-1.1,
O.o,-0.6,
o.O,-0.6,
o:,-0.2,
o:),1.5,
o:-),2.0,
o:-3,2.2,
o:3,2.3,
o:<,-0.3,
o;^),1.6,
o_o,-0.5,
O_o,-0.5,
o_O,-0.5,
pita,-2.4,
pls,0.3,
plz,0.3,
pmbi,0.8,
pmfji,0.3,
pmji,0.7,
po,-2.6,
ptl,2.6,
pu,-1.1,
qq,-2.2,
qt,1.8,
r&r,2.4,
rofl,2.7,
roflmao,2.5,
rotfl,2.6,
rotflmao,2.8,
rotflmfao,2.5,
rotflol,3.0,
rotgl,2.9,
rotglmao,1.8,
s:,-1.1,
sapfu,-1.1,
sete,2.8,
sfete,2.7,
sgtm,2.4,
slap,0.6,
slaw,2.1,
smh,-1.3,
snafu,-2.5,
swak,2.3,
tgif,2.3,
thks,1.4,
thx,1.5,
vlw,1.5,
obg,1.5,
obgdo,1.5,
obgado,1.5,
tia,2.3,
tmi,-0.3,
tnx,1.1,
true,1.8,
tx,1.5,
txs,1.1,
ty,1.6,
tyvm,2.5,
urw,1.9,
vbg,2.1,
vbs,3.1,
vip,2.3,
vwd,2.6,
vwp,2.1,
wag,-0.2,
wd,2.7,
wilco,0.9,
wp,1.0,
wtf,-2.8,
wtg,2.1,
wth,-2.4,
xd,2.7,
xlnt,3.0,
xoxo,3.0,
xoxozzz,2.3,
xp,1.2,
xqzt,1.6,
xtc,0.8,
yolo,1.1,
yoyo,0.4,
yvw,1.6,
yw,1.8,
ywia,2.5,
zzz,-1.2,
[-;,0.5,
[:,1.3,
[;,1.0,
[=,1.7,
\-:,-1.0,
\:,-1.0,
\:<,-1.7,
\=,-1.1,
\^:,-1.3,
\o/,2.2,
\o:,-1.2,
]-:,-2.1,
]:,-1.6,
]:<,-2.5,
^<_<,1.4,
^urs,-2.8,
nao estariam,0,NEG
nao podia,0,NEG
nao ousa,0,NEG
nao tem,0,NEG
nao faziam,0,NEG
nao seriam,0,NEG
nao serao,0,NEG
nao estiveram,0,NEG
nao farao,0,NEG
nao eram,0,NEG
nao eh,0,NEG
nao deveriam,0,NEG
nao e,0,NEG
nao deverao,0,NEG
nao conseguirei,0,NEG
nao sao,0,NEG
nao estarao,0,NEG
nao terei,0,NEG
nao faz,0,NEG
nao conseguiriam,0,NEG
nao tenho,0,NEG
nao estao,0,NEG
nao posso,0,NEG
raramente,0,NEG
nao poderia,0,NEG
nao sou,0,NEG
nope,0,NEG
nao devem,0,NEG
nao estavam,0,NEG
nao fiz,0,NEG
nao farei,0,NEG
nao ousariam,0,NEG
nao fez,0,NEG
nao serei,0,NEG
nao teria,0,NEG
nao ouso,0,NEG
nao conseguem,0,NEG
nao ousarao,0,NEG
nao conseguiam,0,NEG
nao consegue,0,NEG
nao tinha,0,NEG
nao ousam,0,NEG
nao poderei,0,NEG
nao consigo,0,NEG
nao devo,0,NEG
absolutamente,0,INCR
agitadamente,0,INCR
altamente,0,INCR
completamente,0,INCR
consideravelmente,0,INCR
decididamente,0,INCR
demais,0,INCR
enormemente,0,INCR
especialmente,0,INCR
excecivamente,0,INCR
excepcionalmente,0,INCR
extremamente,0,INCR
fabulosamente,0,INCR
fudidamente,0,INCR
grandemente,0,INCR
grandiosamente,0,INCR
inteiramente,0,INCR
majoritariamente,0,INCR
muito muito,0,INCR
na moral,0,INCR
o mais,0,INCR
particularmente,0,INCR
pra caramba,0,INCR
pra valer,0,INCR
profundamente,0,INCR
puramente,0,INCR
realmente,0,INCR
substancialmente,0,INCR
tao,0,INCR
tremendamente,0,INCR
to,0,INCR
algo,0,DECR
bem pouqinho,0,DECR
escassamente,0,DECR
levemente,0,DECR
mais ou menos,0,DECR
muito pouco,0,DECR
ocasionalmente,0,DECR
parcialmente,0,DECR
pouco,0,DECR
pouqinho,0,DECR
quase,0,DECR
so o necessario,0,DECR
superficialmente,0,DECR
tantinho,0,DECR
um pouco,0,DECR
um pouqinho,0,DECR
um tantinho,0,DECR
um tanto,0,DECR
muito,0,DECR
